User ID,Date/Time,Device No.,Status
10,10/2/24 13:00,1,0
10,10/2/24 13:00,1,0
10,10/2/24 13:00,1,0
10,10/2/24 19:33,1,1
10,10/2/24 19:33,1,1
10,10/2/24 19:33,1,1
10,10/4/24 10:04,1,0
10,10/4/24 10:04,1,0
10,10/4/24 10:04,1,0
10,10/4/24 19:09,1,1
10,10/4/24 19:09,1,1
10,10/4/24 19:10,1,1
10,10/4/24 19:10,1,1
10,10/5/24 10:06,1,0
10,10/5/24 10:06,1,0
10,10/5/24 10:06,1,0
10,10/5/24 10:06,1,0
10,10/5/24 19:02,1,1
10,10/5/24 19:02,1,1
10,10/5/24 19:02,1,1
10,10/5/24 19:02,1,1
10,10/6/24 8:00,1,0
10,10/6/24 8:00,1,0
10,10/6/24 8:00,1,0
10,10/6/24 18:02,1,1
10,10/6/24 18:02,1,1
10,10/6/24 18:02,1,1
10,10/6/24 18:02,1,1
10,10/7/24 10:05,1,0
10,10/7/24 10:05,1,0
10,10/7/24 10:05,1,0
10,10/7/24 19:03,1,1
10,10/7/24 19:03,1,1
10,10/7/24 19:03,1,1
10,10/8/24 10:06,1,0
10,10/8/24 10:06,1,0
10,10/8/24 10:06,1,0
10,10/8/24 19:01,1,1
10,10/8/24 19:01,1,1
10,10/8/24 19:01,1,1
10,10/8/24 19:01,1,1
10,10/10/24 10:02,1,0
10,10/10/24 10:02,1,0
10,10/10/24 10:02,1,0
10,10/10/24 19:01,1,1
10,10/10/24 19:01,1,1
10,10/10/24 19:01,1,1
10,10/11/24 10:03,1,0
10,10/11/24 10:03,1,0
10,10/11/24 10:03,1,0
10,10/11/24 19:00,1,1
10,10/11/24 19:00,1,1
10,10/11/24 19:00,1,1
10,10/11/24 19:00,1,1
10,10/12/24 10:06,1,0
10,10/12/24 10:06,1,0
10,10/12/24 10:06,1,0
10,10/12/24 10:06,1,0
10,10/12/24 19:02,1,1
10,10/12/24 19:02,1,1
10,10/12/24 19:02,1,1
10,10/14/24 10:02,1,0
10,10/14/24 10:02,1,0
10,10/14/24 10:02,1,0
10,10/14/24 10:02,1,0
10,10/14/24 19:03,1,1
10,10/14/24 19:03,1,1
10,10/14/24 19:03,1,1
10,10/14/24 19:03,1,1
10,10/15/24 9:59,1,0
10,10/15/24 9:59,1,0
10,10/15/24 9:59,1,0
10,10/15/24 9:59,1,0
10,10/15/24 19:02,1,1
10,10/15/24 19:02,1,1
10,10/15/24 19:02,1,1
10,10/15/24 19:02,1,1
10,10/17/24 10:03,1,0
10,10/17/24 10:03,1,0
10,10/17/24 10:03,1,0
10,10/17/24 10:03,1,0
10,10/17/24 19:03,1,1
10,10/17/24 19:03,1,1
10,10/18/24 10:07,1,0
10,10/18/24 10:07,1,0
10,10/18/24 10:07,1,0
10,10/18/24 19:01,1,1
10,10/18/24 19:01,1,1
10,10/18/24 19:01,1,1
10,10/19/24 9:58,1,0
10,10/19/24 9:58,1,0
10,10/19/24 9:58,1,0
10,10/19/24 9:58,1,0
10,10/19/24 19:01,1,1
10,10/19/24 19:01,1,1
10,10/19/24 19:01,1,1
10,10/19/24 19:01,1,1
10,10/20/24 10:05,1,0
10,10/20/24 10:05,1,0
10,10/20/24 10:05,1,0
10,10/20/24 10:05,1,0
10,10/20/24 19:19,1,1
10,10/20/24 19:19,1,1
10,10/20/24 19:19,1,1
102,10/1/24 10:03,1,0
102,10/1/24 10:03,1,0
102,10/1/24 20:10,1,1
102,10/1/24 20:10,1,1
102,10/2/24 22:02,1,1
102,10/3/24 8:53,1,0
102,10/3/24 8:53,1,0
102,10/3/24 20:04,1,1
102,10/4/24 7:23,1,0
102,10/4/24 19:30,1,1
102,10/4/24 19:30,1,1
102,10/5/24 8:12,1,0
102,10/5/24 8:12,1,0
102,10/5/24 20:08,1,1
102,10/6/24 10:02,1,0
102,10/6/24 19:39,1,1
102,10/8/24 8:23,1,0
102,10/8/24 8:23,1,0
102,10/8/24 22:02,1,1
102,10/9/24 8:48,1,0
102,10/9/24 8:48,1,0
102,10/9/24 20:36,1,1
102,10/9/24 20:36,1,1
102,10/10/24 20:21,1,1
102,10/11/24 9:09,1,0
102,10/12/24 4:34,1,1
102,10/12/24 4:34,1,1
102,10/12/24 19:00,1,1
102,10/13/24 8:54,1,0
102,10/13/24 12:01,1,1
102,10/13/24 12:01,1,1
102,10/15/24 8:01,1,0
102,10/15/24 8:01,1,0
102,10/15/24 20:41,1,1
102,10/16/24 9:07,1,0
102,10/16/24 9:07,1,0
102,10/16/24 23:35,1,1
102,10/16/24 23:35,1,1
102,10/17/24 8:01,1,0
102,10/17/24 8:01,1,0
102,10/17/24 18:08,1,1
102,10/18/24 18:19,1,1
102,10/19/24 8:52,1,0
102,10/19/24 20:26,1,1
102,10/19/24 20:26,1,1
102,10/20/24 9:32,1,0
102,10/20/24 18:19,1,1
102,10/21/24 9:56,1,0
102,10/21/24 20:12,1,1
102,10/21/24 20:12,1,1
102,10/22/24 9:58,1,0
102,10/22/24 9:58,1,0
102,10/22/24 9:59,1,0
103,10/1/24 8:03,1,0
103,10/1/24 19:02,1,1
103,10/1/24 19:02,1,1
103,10/2/24 8:01,1,0
103,10/3/24 8:01,1,0
103,10/3/24 17:02,1,1
103,10/3/24 17:02,1,1
103,10/4/24 9:02,1,0
103,10/4/24 18:07,1,1
103,10/4/24 18:07,1,1
103,10/5/24 8:01,1,0
103,10/5/24 8:01,1,0
103,10/5/24 17:07,1,1
103,10/5/24 17:07,1,1
103,10/7/24 8:03,1,0
103,10/7/24 11:45,1,1
103,10/8/24 8:02,1,0
103,10/8/24 17:00,1,1
103,10/8/24 17:00,1,1
103,10/9/24 13:00,1,0
103,10/9/24 13:00,1,0
103,10/9/24 23:30,1,1
103,10/9/24 23:30,1,1
103,10/10/24 13:01,1,0
103,10/10/24 22:10,1,1
103,10/10/24 22:10,1,1
103,10/10/24 22:10,1,1
103,10/11/24 12:59,1,0
103,10/11/24 22:01,1,1
103,10/12/24 8:59,1,0
103,10/12/24 18:38,1,1
103,10/13/24 7:54,1,0
103,10/13/24 7:54,1,0
103,10/13/24 7:54,1,0
103,10/15/24 8:00,1,0
103,10/15/24 17:06,1,1
103,10/16/24 8:01,1,0
103,10/16/24 20:08,1,1
103,10/16/24 20:08,1,1
103,10/17/24 8:02,1,0
103,10/17/24 8:02,1,0
103,10/17/24 17:03,1,1
103,10/17/24 17:03,1,1
103,10/18/24 7:59,1,0
103,10/18/24 17:01,1,1
103,10/18/24 17:01,1,1
103,10/19/24 8:00,1,0
103,10/19/24 8:00,1,0
103,10/19/24 20:26,1,1
103,10/20/24 7:58,1,0
103,10/20/24 18:29,1,1
103,10/21/24 9:02,1,0
103,10/21/24 18:11,1,1
103,10/21/24 18:11,1,1
103,10/22/24 10:01,1,0
103,10/22/24 10:01,1,0
11,10/1/24 12:47,1,0
11,10/1/24 12:47,1,0
11,10/1/24 12:47,1,0
11,10/1/24 22:01,1,1
11,10/1/24 22:01,1,1
11,10/1/24 22:01,1,1
11,10/2/24 12:51,1,0
11,10/2/24 12:51,1,0
11,10/2/24 22:21,1,1
11,10/2/24 22:21,1,1
11,10/2/24 22:21,1,1
11,10/5/24 12:59,1,0
11,10/5/24 12:59,1,0
11,10/5/24 12:59,1,0
11,10/5/24 22:14,1,1
11,10/5/24 22:14,1,1
11,10/5/24 22:14,1,1
11,10/6/24 10:27,1,0
11,10/6/24 10:27,1,0
11,10/6/24 10:27,1,0
11,10/6/24 20:43,1,1
11,10/6/24 20:43,1,1
11,10/7/24 10:07,1,0
11,10/7/24 10:07,1,0
11,10/7/24 10:07,1,0
11,10/7/24 23:13,1,1
11,10/7/24 23:13,1,1
11,10/7/24 23:13,1,1
11,10/8/24 12:58,1,0
11,10/8/24 12:58,1,0
11,10/8/24 12:58,1,0
11,10/11/24 12:55,1,0
11,10/11/24 12:55,1,0
11,10/11/24 12:55,1,0
11,10/11/24 22:04,1,1
11,10/11/24 22:04,1,1
11,10/11/24 22:04,1,1
11,10/12/24 12:58,1,0
11,10/12/24 12:58,1,0
11,10/12/24 12:58,1,0
11,10/12/24 22:21,1,1
11,10/12/24 22:21,1,1
11,10/12/24 22:21,1,1
11,10/14/24 7:59,1,0
11,10/14/24 7:59,1,0
11,10/14/24 7:59,1,0
11,10/14/24 22:00,1,1
11,10/14/24 22:00,1,1
11,10/14/24 22:00,1,1
11,10/15/24 9:00,1,0
11,10/15/24 9:00,1,0
11,10/15/24 9:00,1,0
11,10/15/24 19:09,1,1
11,10/15/24 19:09,1,1
11,10/15/24 19:09,1,1
11,10/18/24 12:57,1,0
11,10/18/24 12:57,1,0
11,10/18/24 12:57,1,0
11,10/18/24 23:10,1,1
11,10/18/24 23:10,1,1
11,10/18/24 23:10,1,1
11,10/19/24 7:59,1,0
11,10/19/24 7:59,1,0
11,10/19/24 7:59,1,0
11,10/19/24 19:09,1,1
11,10/19/24 19:09,1,1
11,10/19/24 19:09,1,1
11,10/20/24 10:00,1,0
11,10/20/24 10:00,1,0
11,10/20/24 10:00,1,0
11,10/20/24 22:09,1,1
11,10/20/24 22:09,1,1
11,10/20/24 22:09,1,1
110,10/1/24 8:01,1,0
110,10/1/24 8:01,1,0
110,10/1/24 8:01,1,0
110,10/1/24 8:01,1,0
110,10/1/24 18:30,1,1
110,10/1/24 18:30,1,1
110,10/1/24 18:30,1,1
110,10/2/24 7:59,1,0
110,10/2/24 7:59,1,0
110,10/2/24 7:59,1,0
110,10/2/24 19:05,1,1
110,10/2/24 19:05,1,1
110,10/2/24 19:05,1,1
110,10/2/24 19:05,1,1
110,10/3/24 9:00,1,0
110,10/3/24 9:00,1,0
110,10/3/24 9:00,1,0
110,10/3/24 19:14,1,1
110,10/3/24 19:14,1,1
110,10/4/24 8:09,1,0
110,10/4/24 8:09,1,0
110,10/5/24 8:00,1,0
110,10/5/24 8:00,1,0
110,10/5/24 8:00,1,0
110,10/5/24 18:57,1,1
110,10/5/24 18:57,1,1
110,10/5/24 18:57,1,1
110,10/7/24 8:02,1,0
110,10/7/24 8:02,1,0
110,10/7/24 19:09,1,1
110,10/8/24 7:57,1,0
110,10/8/24 7:57,1,0
110,10/8/24 7:57,1,0
110,10/8/24 7:57,1,0
110,10/8/24 18:39,1,1
110,10/8/24 18:39,1,1
110,10/8/24 18:40,1,1
110,10/9/24 7:56,1,0
110,10/9/24 7:56,1,0
110,10/9/24 7:57,1,0
110,10/9/24 7:57,1,0
110,10/9/24 17:39,1,1
110,10/9/24 17:39,1,1
110,10/9/24 17:39,1,1
110,10/10/24 8:00,1,0
110,10/10/24 8:00,1,0
110,10/10/24 8:00,1,0
110,10/11/24 8:52,1,0
110,10/11/24 8:52,1,0
110,10/11/24 8:52,1,0
110,10/11/24 19:13,1,1
110,10/11/24 19:13,1,1
110,10/11/24 19:13,1,1
110,10/14/24 8:03,1,0
110,10/14/24 8:03,1,0
110,10/15/24 8:01,1,0
110,10/15/24 8:01,1,0
110,10/15/24 8:01,1,0
110,10/15/24 18:20,1,1
110,10/15/24 18:20,1,1
110,10/16/24 8:00,1,0
110,10/16/24 8:00,1,0
110,10/16/24 8:00,1,0
110,10/16/24 8:00,1,0
110,10/16/24 8:00,1,0
110,10/16/24 18:46,1,1
110,10/16/24 18:46,1,1
110,10/17/24 8:28,1,0
110,10/17/24 8:28,1,0
110,10/17/24 8:28,1,0
110,10/17/24 18:30,1,1
110,10/17/24 18:30,1,1
110,10/17/24 18:30,1,1
110,10/18/24 7:59,1,0
110,10/18/24 7:59,1,0
110,10/18/24 18:33,1,1
110,10/18/24 18:33,1,1
110,10/18/24 18:34,1,1
110,10/19/24 8:00,1,0
110,10/19/24 8:00,1,0
110,10/19/24 18:12,1,1
110,10/19/24 18:12,1,1
110,10/19/24 18:12,1,1
110,10/19/24 18:12,1,1
110,10/21/24 8:02,1,0
110,10/21/24 18:34,1,1
110,10/21/24 18:34,1,1
110,10/21/24 18:34,1,1
110,10/22/24 8:01,1,0
110,10/22/24 8:01,1,0
110,10/22/24 8:01,1,0
116,10/1/24 12:06,1,0
116,10/1/24 12:06,1,0
116,10/1/24 22:00,1,1
116,10/1/24 22:00,1,1
116,10/2/24 11:04,1,0
116,10/2/24 11:04,1,0
116,10/2/24 22:02,1,1
116,10/2/24 22:02,1,1
116,10/3/24 12:21,1,0
116,10/3/24 12:21,1,0
116,10/3/24 22:09,1,1
116,10/3/24 22:09,1,1
116,10/5/24 7:56,1,0
116,10/5/24 7:56,1,0
116,10/5/24 7:56,1,0
116,10/7/24 8:57,1,0
116,10/7/24 8:57,1,0
116,10/7/24 19:00,1,1
116,10/7/24 19:00,1,1
116,10/8/24 9:56,1,0
116,10/8/24 9:56,1,0
116,10/8/24 22:02,1,1
116,10/8/24 22:02,1,1
116,10/10/24 12:33,1,1
116,10/10/24 12:33,1,1
116,10/10/24 23:00,1,1
116,10/10/24 23:00,1,1
116,10/11/24 11:00,1,0
116,10/11/24 11:00,1,0
116,10/11/24 22:01,1,1
116,10/11/24 22:01,1,1
116,10/12/24 8:07,1,0
116,10/12/24 8:07,1,0
116,10/12/24 17:02,1,1
116,10/12/24 17:02,1,1
116,10/13/24 8:04,1,0
116,10/13/24 8:04,1,0
116,10/13/24 18:05,1,1
116,10/13/24 18:05,1,1
116,10/15/24 8:59,1,0
116,10/15/24 8:59,1,0
116,10/15/24 19:00,1,1
116,10/15/24 19:00,1,1
116,10/15/24 19:00,1,1
116,10/16/24 10:00,1,0
116,10/16/24 10:00,1,0
116,10/16/24 19:02,1,1
116,10/16/24 19:02,1,1
116,10/17/24 21:01,1,1
116,10/17/24 21:01,1,1
116,10/19/24 7:55,1,0
116,10/19/24 7:55,1,0
116,10/19/24 19:04,1,1
116,10/19/24 19:04,1,1
116,10/20/24 7:58,1,0
116,10/20/24 19:01,1,1
116,10/20/24 19:01,1,1
116,10/21/24 10:00,1,0
116,10/21/24 10:00,1,0
116,10/22/24 9:58,1,0
116,10/22/24 9:58,1,0
119,10/1/24 7:41,1,0
119,10/1/24 7:41,1,0
119,10/1/24 7:41,1,0
119,10/1/24 17:25,1,1
119,10/1/24 17:25,1,1
119,10/1/24 17:25,1,1
119,10/2/24 7:49,1,0
119,10/2/24 7:49,1,0
119,10/2/24 17:39,1,1
119,10/2/24 17:39,1,1
119,10/2/24 17:39,1,1
119,10/2/24 17:39,1,1
119,10/3/24 7:33,1,0
119,10/3/24 7:33,1,0
119,10/3/24 7:33,1,0
119,10/3/24 7:33,1,0
119,10/3/24 7:33,1,0
119,10/3/24 17:32,1,1
119,10/3/24 17:32,1,1
119,10/4/24 7:34,1,0
119,10/4/24 7:34,1,0
119,10/4/24 7:34,1,0
119,10/4/24 17:32,1,1
119,10/4/24 17:32,1,1
119,10/4/24 17:32,1,1
119,10/6/24 7:25,1,0
119,10/6/24 7:25,1,0
119,10/6/24 7:25,1,0
119,10/6/24 17:32,1,1
119,10/6/24 17:32,1,1
119,10/6/24 17:32,1,1
119,10/7/24 7:26,1,0
119,10/7/24 7:26,1,0
119,10/7/24 7:26,1,0
119,10/7/24 17:19,1,1
119,10/7/24 17:19,1,1
119,10/8/24 7:43,1,0
119,10/8/24 7:43,1,0
119,10/8/24 7:43,1,0
119,10/8/24 17:42,1,1
119,10/8/24 17:42,1,1
119,10/8/24 17:42,1,1
119,10/9/24 7:34,1,0
119,10/9/24 7:34,1,0
119,10/9/24 7:34,1,0
119,10/9/24 17:15,1,1
119,10/9/24 17:15,1,1
119,10/9/24 17:15,1,1
119,10/10/24 7:16,1,0
119,10/10/24 7:16,1,0
119,10/10/24 7:16,1,0
119,10/10/24 17:29,1,1
119,10/10/24 17:29,1,1
119,10/10/24 17:29,1,1
119,10/11/24 7:27,1,0
119,10/11/24 7:27,1,0
119,10/11/24 7:27,1,0
119,10/11/24 17:18,1,1
119,10/11/24 17:18,1,1
119,10/12/24 7:37,1,0
119,10/12/24 7:37,1,0
119,10/12/24 18:01,1,1
119,10/12/24 18:01,1,1
119,10/13/24 7:51,1,0
119,10/13/24 7:51,1,0
119,10/13/24 7:51,1,0
119,10/13/24 18:01,1,1
119,10/13/24 18:01,1,1
119,10/15/24 7:32,1,0
119,10/15/24 7:32,1,0
119,10/15/24 7:32,1,0
119,10/15/24 17:18,1,1
119,10/15/24 17:18,1,1
119,10/17/24 7:39,1,0
119,10/17/24 7:39,1,0
119,10/17/24 7:39,1,0
119,10/17/24 17:12,1,1
119,10/17/24 17:12,1,1
119,10/18/24 7:47,1,0
119,10/18/24 7:47,1,0
119,10/18/24 17:15,1,1
119,10/18/24 17:15,1,1
119,10/19/24 12:26,1,0
119,10/19/24 12:26,1,0
119,10/19/24 17:38,1,1
119,10/19/24 17:38,1,1
119,10/19/24 17:38,1,1
119,10/20/24 7:38,1,0
119,10/20/24 7:38,1,0
119,10/20/24 7:38,1,0
119,10/20/24 17:19,1,1
119,10/20/24 17:19,1,1
119,10/20/24 17:19,1,1
14,10/1/24 6:01,1,1
14,10/1/24 6:01,1,1
14,10/1/24 17:55,1,0
14,10/1/24 17:55,1,0
14,10/2/24 3:01,1,1
14,10/2/24 3:01,1,1
14,10/2/24 18:00,1,0
14,10/2/24 18:00,1,0
14,10/3/24 0:01,1,1
14,10/3/24 0:01,1,1
14,10/4/24 17:56,1,0
14,10/4/24 17:56,1,0
14,10/4/24 17:56,1,0
14,10/4/24 17:56,1,0
14,10/5/24 0:02,1,1
14,10/5/24 0:02,1,1
14,10/5/24 0:02,1,1
14,10/5/24 18:00,1,0
14,10/5/24 18:00,1,0
14,10/6/24 3:03,1,1
14,10/6/24 3:03,1,1
14,10/6/24 3:03,1,1
14,10/7/24 17:59,1,0
14,10/7/24 17:59,1,0
14,10/8/24 5:14,1,1
14,10/8/24 5:14,1,1
14,10/8/24 18:07,1,0
14,10/8/24 18:07,1,0
14,10/9/24 4:42,1,1
14,10/9/24 4:42,1,1
14,10/9/24 17:57,1,0
14,10/9/24 17:57,1,0
14,10/10/24 1:43,1,1
14,10/10/24 1:43,1,1
14,10/11/24 17:59,1,0
14,10/12/24 1:02,1,1
14,10/12/24 1:02,1,1
14,10/12/24 18:10,1,0
14,10/12/24 18:10,1,0
14,10/13/24 0:16,1,1
14,10/13/24 0:16,1,1
14,10/14/24 18:13,1,0
14,10/14/24 18:13,1,0
14,10/15/24 5:02,1,1
14,10/15/24 5:02,1,1
14,10/15/24 18:58,1,0
14,10/15/24 18:58,1,0
14,10/15/24 18:59,1,0
14,10/16/24 5:01,1,1
14,10/16/24 5:01,1,1
14,10/16/24 5:27,1,1
14,10/16/24 5:28,1,1
14,10/16/24 18:09,1,0
14,10/16/24 18:10,1,0
14,10/16/24 18:10,1,0
14,10/17/24 0:01,1,1
14,10/17/24 0:01,1,1
14,10/17/24 0:01,1,1
14,10/19/24 17:51,1,0
14,10/19/24 17:51,1,0
14,10/20/24 4:09,1,1
14,10/20/24 4:09,1,1
14,10/20/24 19:18,1,0
14,10/20/24 19:18,1,0
14,10/21/24 6:02,1,1
14,10/21/24 6:03,1,1
14,10/21/24 17:58,1,0
14,10/21/24 17:58,1,0
14,10/22/24 6:00,1,1
14,10/22/24 6:00,1,1
14,10/22/24 6:00,1,1
14,10/22/24 6:00,1,1
17,10/8/24 9:43,1,0
17,10/8/24 9:43,1,0
17,10/8/24 9:43,1,0
17,10/8/24 19:01,1,1
17,10/8/24 19:01,1,1
17,10/9/24 9:53,1,0
17,10/9/24 9:53,1,0
17,10/9/24 9:53,1,0
17,10/9/24 9:53,1,0
17,10/9/24 19:01,1,1
17,10/9/24 19:01,1,1
17,10/10/24 9:47,1,0
17,10/10/24 9:47,1,0
17,10/10/24 9:47,1,0
17,10/10/24 18:01,1,1
17,10/10/24 18:01,1,1
17,10/10/24 18:01,1,1
17,10/11/24 9:57,1,0
17,10/11/24 9:57,1,0
17,10/11/24 9:57,1,0
17,10/11/24 9:57,1,0
17,10/11/24 19:00,1,1
17,10/11/24 19:00,1,1
17,10/11/24 19:00,1,1
17,10/15/24 10:01,1,0
17,10/15/24 10:01,1,0
17,10/15/24 10:01,1,0
17,10/15/24 19:00,1,1
17,10/15/24 19:00,1,1
17,10/16/24 9:57,1,0
17,10/16/24 9:57,1,0
17,10/16/24 9:57,1,0
17,10/16/24 19:03,1,1
17,10/16/24 19:03,1,1
17,10/17/24 9:43,1,0
17,10/17/24 9:43,1,0
17,10/17/24 9:43,1,0
17,10/17/24 19:00,1,1
17,10/17/24 19:00,1,1
17,10/17/24 19:00,1,1
17,10/18/24 10:00,1,0
17,10/18/24 10:00,1,0
17,10/18/24 10:00,1,0
17,10/18/24 18:02,1,1
17,10/18/24 18:02,1,1
17,10/18/24 18:02,1,1
17,10/19/24 10:01,1,0
17,10/19/24 10:01,1,0
17,10/19/24 10:01,1,0
17,10/19/24 19:35,1,1
17,10/19/24 19:35,1,1
18,10/1/24 6:26,1,0
18,10/1/24 6:26,1,0
18,10/1/24 6:26,1,0
18,10/1/24 6:26,1,0
18,10/1/24 17:01,1,1
18,10/1/24 17:01,1,1
18,10/1/24 17:01,1,1
18,10/1/24 17:01,1,1
18,10/2/24 8:06,1,0
18,10/2/24 8:06,1,0
18,10/2/24 8:06,1,0
18,10/2/24 17:22,1,1
18,10/2/24 17:22,1,1
18,10/2/24 17:22,1,1
18,10/3/24 8:11,1,0
18,10/3/24 8:11,1,0
18,10/3/24 8:11,1,0
18,10/3/24 8:11,1,0
18,10/3/24 17:10,1,1
18,10/3/24 17:10,1,1
18,10/3/24 17:10,1,1
18,10/3/24 17:10,1,1
18,10/6/24 7:53,1,0
18,10/6/24 7:53,1,0
18,10/6/24 7:53,1,0
18,10/6/24 7:53,1,0
18,10/7/24 7:39,1,0
18,10/7/24 7:39,1,0
18,10/7/24 7:39,1,0
18,10/8/24 6:52,1,0
18,10/8/24 6:52,1,0
18,10/8/24 6:52,1,0
18,10/8/24 6:52,1,0
18,10/8/24 16:02,1,1
18,10/8/24 16:02,1,1
18,10/8/24 16:02,1,1
18,10/8/24 16:02,1,1
18,10/9/24 12:52,1,0
18,10/9/24 12:52,1,0
18,10/9/24 12:52,1,0
19,10/1/24 12:55,1,0
19,10/1/24 12:55,1,0
19,10/1/24 12:55,1,0
19,10/1/24 12:55,1,0
19,10/1/24 19:08,1,1
19,10/1/24 19:09,1,1
19,10/2/24 7:56,1,0
19,10/2/24 7:56,1,0
19,10/2/24 7:56,1,0
19,10/2/24 18:07,1,1
19,10/2/24 18:07,1,1
19,10/2/24 18:07,1,1
19,10/2/24 18:07,1,1
19,10/2/24 18:07,1,1
19,10/2/24 18:07,1,1
19,10/3/24 8:00,1,0
19,10/3/24 8:00,1,0
19,10/3/24 8:00,1,0
19,10/3/24 8:00,1,0
19,10/3/24 8:00,1,0
19,10/3/24 19:03,1,1
19,10/3/24 19:03,1,1
19,10/3/24 19:03,1,1
19,10/3/24 19:03,1,1
19,10/3/24 19:03,1,1
19,10/3/24 19:03,1,1
19,10/4/24 7:55,1,0
19,10/4/24 7:55,1,0
19,10/4/24 7:55,1,0
19,10/4/24 7:55,1,0
19,10/4/24 19:04,1,1
19,10/4/24 19:04,1,1
19,10/5/24 7:58,1,0
19,10/5/24 7:58,1,0
19,10/5/24 7:58,1,0
19,10/5/24 7:58,1,0
19,10/5/24 7:58,1,0
19,10/5/24 17:21,1,1
19,10/5/24 17:21,1,1
19,10/5/24 17:21,1,1
19,10/5/24 17:21,1,1
19,10/5/24 17:21,1,1
19,10/7/24 8:02,1,0
19,10/7/24 8:02,1,0
19,10/7/24 8:02,1,0
19,10/7/24 18:34,1,1
19,10/7/24 18:34,1,1
19,10/8/24 7:57,1,0
19,10/8/24 7:57,1,0
19,10/8/24 7:57,1,0
19,10/8/24 7:57,1,0
19,10/8/24 7:57,1,0
19,10/8/24 7:57,1,0
19,10/8/24 7:57,1,0
19,10/8/24 7:57,1,0
19,10/8/24 7:57,1,0
19,10/8/24 7:57,1,0
19,10/8/24 7:57,1,0
19,10/8/24 7:57,1,0
19,10/8/24 18:39,1,1
19,10/8/24 18:39,1,1
19,10/8/24 18:39,1,1
19,10/8/24 18:39,1,1
19,10/8/24 18:39,1,1
19,10/8/24 18:39,1,1
19,10/8/24 18:39,1,1
19,10/8/24 18:39,1,1
19,10/8/24 18:39,1,1
19,10/8/24 18:39,1,1
19,10/8/24 18:39,1,1
19,10/8/24 18:40,1,1
19,10/8/24 18:40,1,1
19,10/8/24 18:40,1,1
19,10/9/24 8:40,1,0
19,10/9/24 8:40,1,0
19,10/9/24 8:40,1,0
19,10/9/24 18:04,1,1
19,10/9/24 18:04,1,1
19,10/9/24 18:04,1,1
19,10/10/24 8:02,1,0
19,10/10/24 8:02,1,0
19,10/10/24 8:02,1,0
19,10/10/24 8:02,1,0
19,10/10/24 8:02,1,0
19,10/10/24 8:02,1,0
19,10/10/24 18:36,1,1
19,10/10/24 18:36,1,1
19,10/10/24 18:36,1,1
19,10/10/24 18:36,1,1
19,10/10/24 18:36,1,1
19,10/10/24 18:36,1,1
19,10/11/24 7:56,1,0
19,10/11/24 7:56,1,0
19,10/11/24 7:56,1,0
19,10/11/24 7:56,1,0
19,10/11/24 19:00,1,1
19,10/11/24 19:00,1,1
19,10/11/24 19:00,1,1
19,10/11/24 19:00,1,1
19,10/11/24 19:00,1,1
19,10/11/24 19:00,1,1
19,10/12/24 7:55,1,0
19,10/12/24 7:55,1,0
19,10/12/24 7:55,1,0
19,10/12/24 7:56,1,0
19,10/12/24 18:19,1,1
19,10/12/24 18:19,1,1
19,10/12/24 18:19,1,1
19,10/12/24 18:19,1,1
19,10/15/24 7:56,1,0
19,10/15/24 7:56,1,0
19,10/15/24 7:56,1,0
19,10/15/24 7:56,1,0
19,10/15/24 7:56,1,0
19,10/15/24 7:56,1,0
19,10/15/24 18:28,1,1
19,10/15/24 18:28,1,1
19,10/15/24 18:28,1,1
19,10/16/24 7:56,1,0
19,10/16/24 7:56,1,0
19,10/16/24 7:56,1,0
19,10/16/24 7:56,1,0
19,10/16/24 7:56,1,0
19,10/16/24 7:56,1,0
19,10/16/24 7:56,1,0
19,10/16/24 7:57,1,0
19,10/16/24 7:57,1,0
19,10/16/24 7:57,1,0
19,10/16/24 18:17,1,1
19,10/16/24 18:17,1,1
19,10/16/24 18:17,1,1
19,10/16/24 18:17,1,1
19,10/16/24 18:17,1,1
19,10/16/24 18:17,1,1
19,10/17/24 7:57,1,0
19,10/17/24 7:57,1,0
19,10/17/24 7:57,1,0
19,10/17/24 7:57,1,0
19,10/17/24 18:57,1,1
19,10/17/24 18:57,1,1
19,10/17/24 18:57,1,1
19,10/17/24 18:57,1,1
19,10/18/24 7:56,1,0
19,10/18/24 7:56,1,0
19,10/18/24 7:56,1,0
19,10/18/24 18:02,1,1
19,10/18/24 18:02,1,1
19,10/18/24 18:02,1,1
19,10/18/24 18:02,1,1
19,10/18/24 18:02,1,1
19,10/18/24 18:02,1,1
19,10/18/24 18:02,1,1
19,10/18/24 18:02,1,1
19,10/18/24 18:02,1,1
19,10/19/24 8:01,1,0
19,10/19/24 8:01,1,0
19,10/19/24 8:01,1,0
19,10/19/24 8:01,1,0
19,10/19/24 19:01,1,1
19,10/19/24 19:01,1,1
19,10/19/24 19:01,1,1
19,10/19/24 19:01,1,1
19,10/19/24 19:01,1,1
19,10/21/24 7:58,1,0
19,10/21/24 7:59,1,0
19,10/21/24 18:27,1,1
19,10/21/24 18:27,1,1
19,10/21/24 18:27,1,1
19,10/21/24 18:27,1,1
19,10/21/24 18:27,1,1
19,10/21/24 18:27,1,1
19,10/21/24 18:27,1,1
19,10/21/24 18:27,1,1
19,10/21/24 18:27,1,1
19,10/21/24 18:27,1,1
19,10/21/24 18:27,1,1
19,10/22/24 7:58,1,0
19,10/22/24 7:58,1,0
19,10/22/24 7:58,1,0
19,10/22/24 7:58,1,0
2,10/3/24 7:56,1,0
2,10/3/24 7:56,1,0
2,10/3/24 18:32,1,1
2,10/3/24 18:32,1,1
2,10/4/24 7:58,1,0
2,10/4/24 7:58,1,0
2,10/4/24 19:18,1,1
2,10/5/24 8:00,1,0
2,10/5/24 8:00,1,0
2,10/5/24 17:00,1,1
2,10/5/24 17:00,1,1
2,10/7/24 8:00,1,0
2,10/7/24 8:00,1,0
2,10/7/24 18:20,1,1
2,10/9/24 8:00,1,0
2,10/9/24 8:00,1,0
2,10/9/24 17:39,1,1
2,10/10/24 8:04,1,0
2,10/10/24 8:04,1,0
2,10/10/24 17:58,1,1
2,10/10/24 17:58,1,1
2,10/11/24 8:02,1,0
2,10/11/24 8:02,1,0
2,10/11/24 18:26,1,1
2,10/11/24 18:26,1,1
2,10/12/24 8:02,1,0
2,10/12/24 18:53,1,1
2,10/12/24 18:53,1,1
2,10/14/24 17:29,1,1
2,10/14/24 17:29,1,1
2,10/16/24 8:01,1,0
2,10/16/24 8:01,1,0
2,10/17/24 8:00,1,0
2,10/17/24 18:32,1,1
2,10/17/24 18:32,1,1
2,10/19/24 8:03,1,0
2,10/19/24 8:03,1,0
2,10/19/24 17:00,1,1
2,10/21/24 8:00,1,0
2,10/21/24 8:00,1,0
2,10/21/24 17:39,1,1
2,10/21/24 17:39,1,1
21,10/1/24 7:46,1,0
21,10/1/24 7:46,1,0
21,10/1/24 17:01,1,1
21,10/1/24 17:01,1,1
21,10/2/24 7:41,1,0
21,10/2/24 7:41,1,0
21,10/4/24 7:53,1,0
21,10/4/24 7:54,1,0
21,10/4/24 16:00,1,1
21,10/4/24 16:00,1,1
21,10/5/24 7:54,1,0
21,10/5/24 7:54,1,0
21,10/7/24 8:07,1,0
21,10/7/24 8:07,1,0
21,10/7/24 12:38,1,1
21,10/7/24 12:38,1,1
21,10/8/24 7:46,1,0
21,10/8/24 7:46,1,0
21,10/8/24 16:02,1,1
21,10/8/24 16:02,1,1
21,10/11/24 7:47,1,0
21,10/11/24 7:47,1,0
21,10/11/24 22:01,1,1
22,10/1/24 0:18,1,1
22,10/1/24 0:18,1,1
22,10/1/24 0:18,1,1
22,10/1/24 0:18,1,1
22,10/1/24 0:18,1,1
22,10/2/24 22:05,1,1
22,10/2/24 22:05,1,1
22,10/2/24 22:05,1,1
22,10/2/24 22:05,1,1
22,10/2/24 22:05,1,1
22,10/3/24 8:11,1,0
22,10/3/24 8:11,1,0
22,10/3/24 8:11,1,0
22,10/3/24 8:11,1,0
22,10/3/24 17:10,1,1
22,10/3/24 17:10,1,1
22,10/3/24 17:10,1,1
22,10/3/24 17:10,1,1
22,10/14/24 8:39,1,0
22,10/14/24 8:39,1,0
22,10/14/24 8:39,1,0
22,10/14/24 8:39,1,0
22,10/14/24 17:13,1,1
22,10/14/24 17:13,1,1
22,10/14/24 17:13,1,1
22,10/14/24 17:13,1,1
22,10/15/24 9:11,1,0
22,10/15/24 9:11,1,0
22,10/15/24 9:11,1,0
22,10/15/24 18:16,1,1
22,10/15/24 18:17,1,1
22,10/15/24 18:17,1,1
22,10/16/24 9:13,1,0
22,10/16/24 9:13,1,0
22,10/16/24 9:13,1,0
22,10/16/24 9:13,1,0
22,10/16/24 9:13,1,0
22,10/16/24 19:04,1,1
22,10/16/24 19:04,1,1
22,10/16/24 19:04,1,1
22,10/16/24 19:04,1,1
22,10/16/24 19:04,1,1
22,10/19/24 9:43,1,0
22,10/19/24 9:44,1,0
22,10/19/24 9:44,1,0
22,10/19/24 9:44,1,0
22,10/19/24 9:44,1,0
22,10/19/24 9:44,1,0
22,10/19/24 19:04,1,1
22,10/19/24 19:04,1,1
22,10/19/24 19:04,1,1
22,10/19/24 19:04,1,1
23,10/1/24 6:02,1,1
23,10/1/24 6:02,1,1
23,10/1/24 6:02,1,1
23,10/1/24 6:02,1,1
23,10/1/24 6:02,1,1
23,10/1/24 6:02,1,1
23,10/1/24 6:02,1,1
23,10/1/24 6:02,1,1
23,10/1/24 6:02,1,1
23,10/1/24 6:02,1,1
23,10/1/24 6:02,1,1
23,10/1/24 6:02,1,1
23,10/1/24 6:02,1,1
23,10/1/24 16:35,1,0
23,10/1/24 16:35,1,0
23,10/1/24 16:35,1,0
23,10/1/24 16:35,1,0
23,10/1/24 16:35,1,0
23,10/1/24 16:35,1,0
23,10/1/24 16:35,1,0
23,10/2/24 6:04,1,1
23,10/2/24 6:04,1,1
23,10/2/24 6:04,1,1
23,10/2/24 6:04,1,1
23,10/2/24 6:04,1,1
23,10/2/24 6:04,1,1
23,10/2/24 6:04,1,1
23,10/2/24 6:05,1,1
23,10/2/24 16:42,1,0
23,10/2/24 16:42,1,0
23,10/2/24 16:42,1,0
23,10/2/24 16:42,1,0
23,10/2/24 16:42,1,0
23,10/2/24 16:42,1,0
23,10/2/24 16:42,1,0
23,10/2/24 16:42,1,0
23,10/3/24 6:03,1,1
23,10/3/24 6:03,1,1
23,10/3/24 6:03,1,1
23,10/3/24 6:03,1,1
23,10/3/24 6:03,1,1
23,10/3/24 6:03,1,1
23,10/3/24 6:03,1,1
23,10/3/24 6:03,1,1
23,10/3/24 6:03,1,1
23,10/3/24 16:37,1,0
23,10/3/24 16:37,1,0
23,10/3/24 16:37,1,0
23,10/3/24 16:37,1,0
23,10/3/24 16:37,1,0
23,10/3/24 16:37,1,0
23,10/3/24 16:37,1,0
23,10/4/24 6:14,1,1
23,10/4/24 6:14,1,1
23,10/4/24 6:14,1,1
23,10/4/24 6:14,1,1
23,10/4/24 6:14,1,1
23,10/4/24 6:14,1,1
23,10/4/24 6:14,1,1
23,10/4/24 6:14,1,1
23,10/4/24 6:14,1,1
23,10/4/24 16:39,1,0
23,10/4/24 16:39,1,0
23,10/4/24 16:39,1,0
23,10/4/24 16:39,1,0
23,10/4/24 16:39,1,0
23,10/4/24 16:39,1,0
23,10/4/24 16:39,1,0
23,10/5/24 7:00,1,1
23,10/5/24 7:00,1,1
23,10/5/24 7:00,1,1
23,10/5/24 7:00,1,1
23,10/5/24 7:00,1,1
23,10/5/24 7:00,1,1
23,10/5/24 7:00,1,1
23,10/5/24 16:40,1,0
23,10/5/24 16:40,1,0
23,10/5/24 16:40,1,0
23,10/5/24 16:40,1,0
23,10/5/24 16:40,1,0
23,10/5/24 16:41,1,0
23,10/5/24 16:41,1,0
23,10/5/24 16:41,1,0
23,10/5/24 16:41,1,0
23,10/6/24 7:25,1,1
23,10/6/24 7:25,1,1
23,10/6/24 7:25,1,1
23,10/6/24 7:25,1,1
23,10/6/24 7:25,1,1
23,10/6/24 7:25,1,1
23,10/6/24 7:25,1,1
23,10/6/24 17:16,1,0
23,10/6/24 17:16,1,0
23,10/6/24 17:16,1,0
23,10/6/24 17:16,1,0
23,10/6/24 17:16,1,0
23,10/6/24 17:16,1,0
23,10/6/24 17:16,1,0
23,10/6/24 17:16,1,0
23,10/7/24 6:39,1,1
23,10/7/24 6:39,1,1
23,10/7/24 6:39,1,1
23,10/7/24 6:39,1,1
23,10/7/24 6:39,1,1
23,10/7/24 6:39,1,1
23,10/7/24 6:39,1,1
23,10/7/24 6:39,1,1
23,10/7/24 6:39,1,1
23,10/7/24 16:37,1,0
23,10/7/24 16:37,1,0
23,10/7/24 16:37,1,0
23,10/7/24 16:37,1,0
23,10/7/24 16:37,1,0
23,10/7/24 16:37,1,0
23,10/7/24 16:37,1,0
23,10/8/24 6:17,1,1
23,10/8/24 6:17,1,1
23,10/8/24 6:17,1,1
23,10/8/24 6:17,1,1
23,10/8/24 6:17,1,1
23,10/8/24 6:17,1,1
23,10/8/24 6:17,1,1
23,10/8/24 16:37,1,0
23,10/8/24 16:37,1,0
23,10/8/24 16:37,1,0
23,10/8/24 16:37,1,0
23,10/8/24 16:37,1,0
23,10/8/24 16:37,1,0
23,10/9/24 6:16,1,1
23,10/9/24 6:16,1,1
23,10/9/24 6:16,1,1
23,10/9/24 6:16,1,1
23,10/9/24 6:16,1,1
23,10/9/24 6:16,1,1
23,10/9/24 6:16,1,1
23,10/9/24 16:38,1,0
23,10/9/24 16:38,1,0
23,10/9/24 16:38,1,0
23,10/9/24 16:38,1,0
23,10/9/24 16:38,1,0
23,10/9/24 16:38,1,0
23,10/9/24 16:38,1,0
23,10/9/24 16:38,1,0
23,10/10/24 4:45,1,1
23,10/10/24 4:45,1,1
23,10/10/24 4:45,1,1
23,10/10/24 4:45,1,1
23,10/10/24 4:45,1,1
23,10/10/24 4:45,1,1
23,10/10/24 4:45,1,1
23,10/10/24 12:40,1,0
23,10/10/24 12:40,1,0
23,10/10/24 12:40,1,0
23,10/10/24 12:40,1,0
23,10/10/24 12:40,1,0
23,10/10/24 12:40,1,0
23,10/10/24 12:40,1,0
23,10/10/24 12:40,1,0
23,10/11/24 1:00,1,1
23,10/11/24 1:00,1,1
23,10/11/24 1:00,1,1
23,10/11/24 1:00,1,1
23,10/11/24 1:00,1,1
23,10/11/24 1:00,1,1
23,10/11/24 12:32,1,0
23,10/11/24 12:32,1,0
23,10/11/24 12:32,1,0
23,10/11/24 12:32,1,0
23,10/11/24 12:32,1,0
23,10/11/24 12:32,1,0
23,10/11/24 12:32,1,0
23,10/11/24 12:33,1,0
23,10/11/24 22:08,1,1
23,10/11/24 22:08,1,1
23,10/11/24 22:08,1,1
23,10/11/24 22:08,1,1
23,10/11/24 22:08,1,1
23,10/11/24 22:08,1,1
23,10/11/24 22:08,1,1
23,10/14/24 12:15,1,0
23,10/14/24 12:15,1,0
23,10/14/24 12:15,1,0
23,10/14/24 12:15,1,0
23,10/14/24 12:15,1,0
23,10/14/24 22:07,1,0
23,10/14/24 22:07,1,0
23,10/14/24 22:07,1,0
23,10/14/24 22:07,1,1
23,10/14/24 22:07,1,1
23,10/14/24 22:07,1,1
23,10/14/24 22:07,1,1
23,10/14/24 22:07,1,1
23,10/14/24 22:07,1,1
23,10/14/24 22:07,1,1
23,10/14/24 22:07,1,1
23,10/14/24 22:07,1,1
23,10/14/24 22:08,1,1
23,10/14/24 22:08,1,1
23,10/14/24 22:08,1,1
23,10/15/24 16:52,1,0
23,10/15/24 16:52,1,0
23,10/15/24 16:52,1,0
23,10/15/24 16:52,1,0
23,10/15/24 16:52,1,0
23,10/15/24 16:53,1,0
23,10/16/24 6:13,1,1
23,10/16/24 6:13,1,1
23,10/16/24 6:13,1,1
23,10/16/24 6:13,1,1
23,10/16/24 6:13,1,1
23,10/16/24 6:13,1,1
23,10/16/24 6:13,1,1
23,10/16/24 6:13,1,1
23,10/16/24 16:40,1,0
23,10/16/24 16:40,1,0
23,10/16/24 16:40,1,0
23,10/16/24 16:40,1,0
23,10/16/24 16:40,1,0
23,10/16/24 16:40,1,0
23,10/16/24 16:40,1,0
23,10/16/24 16:40,1,0
23,10/17/24 6:11,1,1
23,10/17/24 6:11,1,1
23,10/17/24 6:11,1,1
23,10/17/24 6:11,1,1
23,10/17/24 6:11,1,1
23,10/17/24 6:11,1,1
23,10/17/24 6:11,1,1
23,10/17/24 6:11,1,1
23,10/17/24 17:04,1,0
23,10/17/24 17:04,1,0
23,10/17/24 17:04,1,0
23,10/17/24 17:04,1,0
23,10/17/24 17:04,1,0
23,10/17/24 17:04,1,0
23,10/17/24 17:04,1,0
23,10/17/24 17:04,1,0
23,10/17/24 17:04,1,0
23,10/17/24 22:14,1,1
23,10/17/24 22:14,1,1
23,10/17/24 22:14,1,1
23,10/17/24 22:14,1,1
23,10/17/24 22:14,1,1
23,10/17/24 22:14,1,1
23,10/17/24 22:14,1,1
23,10/17/24 22:14,1,1
23,10/17/24 22:14,1,1
23,10/18/24 12:38,1,0
23,10/18/24 12:38,1,0
23,10/18/24 12:38,1,0
23,10/18/24 12:38,1,0
23,10/18/24 12:38,1,0
23,10/18/24 12:38,1,0
23,10/18/24 12:38,1,0
23,10/19/24 1:00,1,1
23,10/19/24 1:00,1,1
23,10/19/24 1:00,1,1
23,10/19/24 1:00,1,1
23,10/19/24 1:00,1,1
23,10/19/24 1:00,1,1
23,10/19/24 1:00,1,1
23,10/19/24 1:00,1,1
23,10/19/24 1:00,1,1
23,10/19/24 1:00,1,1
23,10/19/24 12:21,1,0
23,10/19/24 12:21,1,0
23,10/19/24 12:21,1,0
23,10/19/24 12:21,1,0
23,10/19/24 12:21,1,0
23,10/19/24 12:21,1,0
23,10/19/24 22:04,1,1
23,10/19/24 22:04,1,1
23,10/19/24 22:04,1,1
23,10/19/24 22:04,1,1
23,10/19/24 22:04,1,1
23,10/19/24 22:04,1,1
23,10/19/24 22:04,1,1
23,10/19/24 22:04,1,1
23,10/21/24 5:57,1,0
23,10/21/24 5:57,1,0
23,10/21/24 5:57,1,0
23,10/21/24 5:57,1,0
23,10/21/24 5:57,1,0
23,10/21/24 18:00,1,1
23,10/21/24 18:00,1,1
23,10/21/24 18:00,1,1
23,10/22/24 5:47,1,0
23,10/22/24 5:47,1,0
23,10/22/24 5:47,1,0
24,10/1/24 8:00,1,0
24,10/1/24 8:00,1,0
24,10/1/24 18:08,1,1
24,10/1/24 18:08,1,1
24,10/2/24 7:59,1,0
24,10/2/24 18:33,1,1
24,10/2/24 18:33,1,1
24,10/3/24 7:58,1,0
24,10/3/24 7:58,1,0
24,10/3/24 18:04,1,1
24,10/3/24 18:04,1,1
24,10/4/24 12:16,1,0
24,10/4/24 18:32,1,1
24,10/5/24 11:59,1,0
24,10/5/24 11:59,1,0
24,10/5/24 16:00,1,1
24,10/7/24 8:00,1,0
24,10/7/24 8:00,1,0
24,10/7/24 18:09,1,1
24,10/8/24 7:59,1,0
24,10/8/24 7:59,1,0
24,10/8/24 18:18,1,1
24,10/8/24 18:18,1,1
24,10/9/24 7:59,1,0
24,10/9/24 18:05,1,1
24,10/10/24 7:57,1,0
24,10/10/24 7:57,1,0
24,10/10/24 18:08,1,1
24,10/10/24 18:08,1,1
24,10/11/24 7:51,1,0
24,10/11/24 7:51,1,0
24,10/14/24 8:02,1,0
24,10/14/24 8:02,1,0
24,10/14/24 18:30,1,1
24,10/14/24 18:30,1,1
24,10/15/24 8:04,1,0
24,10/15/24 8:04,1,0
24,10/15/24 18:45,1,1
24,10/16/24 8:02,1,0
24,10/16/24 8:02,1,0
24,10/16/24 18:06,1,1
24,10/16/24 18:06,1,1
24,10/17/24 8:03,1,0
24,10/17/24 8:03,1,0
24,10/17/24 18:07,1,1
24,10/18/24 8:45,1,0
24,10/18/24 18:08,1,1
24,10/18/24 18:08,1,1
24,10/19/24 7:59,1,0
24,10/19/24 7:59,1,0
24,10/19/24 17:00,1,1
24,10/19/24 17:00,1,1
24,10/22/24 8:01,1,0
25,10/1/24 20:21,1,1
25,10/1/24 20:21,1,1
25,10/2/24 7:58,1,0
25,10/2/24 7:58,1,0
25,10/2/24 7:58,1,0
25,10/2/24 17:00,1,0
25,10/2/24 17:00,1,1
25,10/2/24 17:00,1,1
25,10/2/24 17:00,1,1
25,10/3/24 7:53,1,0
25,10/3/24 7:53,1,0
25,10/3/24 7:53,1,0
25,10/3/24 19:06,1,1
25,10/3/24 19:06,1,1
25,10/5/24 17:04,1,1
25,10/5/24 17:04,1,1
25,10/5/24 17:04,1,1
25,10/6/24 7:53,1,0
25,10/6/24 7:53,1,0
25,10/6/24 7:53,1,0
25,10/7/24 7:04,1,0
25,10/7/24 7:04,1,0
25,10/7/24 7:04,1,0
25,10/7/24 18:01,1,1
25,10/7/24 18:01,1,1
25,10/7/24 18:01,1,1
25,10/8/24 7:58,1,0
25,10/8/24 7:58,1,0
25,10/8/24 7:58,1,0
25,10/8/24 19:00,1,1
25,10/8/24 19:00,1,1
25,10/12/24 19:00,1,1
25,10/12/24 19:00,1,1
25,10/12/24 19:00,1,1
25,10/13/24 8:04,1,0
25,10/13/24 8:04,1,0
25,10/13/24 8:04,1,0
25,10/13/24 18:05,1,1
25,10/13/24 18:05,1,1
25,10/15/24 7:57,1,0
25,10/15/24 7:57,1,0
25,10/15/24 7:58,1,0
25,10/15/24 19:00,1,1
25,10/15/24 19:00,1,1
25,10/16/24 8:00,1,0
25,10/16/24 8:00,1,0
25,10/16/24 8:00,1,0
25,10/16/24 18:02,1,1
25,10/16/24 18:02,1,1
25,10/16/24 18:02,1,1
25,10/17/24 8:01,1,0
25,10/17/24 8:01,1,0
25,10/17/24 8:01,1,0
25,10/17/24 19:02,1,1
25,10/17/24 19:02,1,1
25,10/19/24 7:54,1,0
25,10/19/24 7:54,1,0
25,10/19/24 7:54,1,0
25,10/19/24 18:11,1,1
25,10/19/24 18:11,1,1
25,10/19/24 18:11,1,1
25,10/20/24 7:57,1,0
25,10/20/24 7:57,1,0
25,10/20/24 7:57,1,0
25,10/20/24 19:00,1,1
25,10/20/24 19:00,1,1
25,10/21/24 8:00,1,0
25,10/21/24 8:00,1,0
25,10/21/24 8:00,1,0
25,10/21/24 18:00,1,1
25,10/21/24 18:00,1,1
25,10/21/24 18:00,1,1
25,10/22/24 8:00,1,0
25,10/22/24 8:00,1,0
25,10/22/24 8:00,1,0
27,10/1/24 6:46,1,0
27,10/1/24 19:02,1,1
27,10/2/24 8:05,1,0
27,10/2/24 19:01,1,1
27,10/3/24 7:50,1,0
27,10/3/24 19:11,1,1
27,10/4/24 10:32,1,0
27,10/4/24 19:30,1,1
27,10/5/24 8:56,1,0
27,10/5/24 20:09,1,1
27,10/6/24 9:39,1,0
27,10/6/24 19:03,1,1
27,10/7/24 8:55,1,0
27,10/7/24 21:00,1,1
27,10/8/24 8:52,1,0
27,10/8/24 23:03,1,1
27,10/8/24 23:03,1,1
27,10/9/24 7:56,1,0
27,10/11/24 8:59,1,0
27,10/12/24 4:34,1,1
27,10/12/24 7:58,1,0
27,10/12/24 18:45,1,1
27,10/14/24 7:57,1,0
27,10/14/24 18:06,1,1
27,10/15/24 8:55,1,0
27,10/15/24 20:00,1,1
27,10/16/24 7:04,1,1
27,10/16/24 22:01,1,1
27,10/17/24 8:02,1,0
27,10/17/24 18:35,1,1
27,10/18/24 8:55,1,0
27,10/18/24 18:32,1,1
27,10/19/24 8:06,1,0
27,10/19/24 20:05,1,1
27,10/20/24 8:48,1,0
27,10/20/24 22:08,1,1
27,10/21/24 7:59,1,0
27,10/21/24 22:01,1,1
27,10/22/24 7:03,1,0
28,10/1/24 8:48,1,0
28,10/1/24 18:08,1,1
28,10/2/24 8:38,1,0
28,10/2/24 21:43,1,1
28,10/3/24 7:59,1,0
28,10/5/24 8:13,1,0
28,10/5/24 19:02,1,1
28,10/7/24 8:02,1,0
28,10/7/24 8:02,1,0
28,10/7/24 18:06,1,1
28,10/8/24 7:59,1,0
28,10/8/24 18:17,1,1
28,10/9/24 8:00,1,0
28,10/14/24 8:00,1,0
28,10/14/24 18:39,1,1
28,10/15/24 7:55,1,0
28,10/15/24 17:47,1,1
28,10/16/24 7:56,1,0
28,10/16/24 18:09,1,1
28,10/17/24 7:56,1,0
28,10/17/24 17:48,1,1
28,10/19/24 8:14,1,0
29,10/21/24 7:44,1,0
29,10/21/24 7:44,1,0
29,10/21/24 7:44,1,0
29,10/21/24 18:00,1,1
29,10/21/24 18:00,1,1
29,10/22/24 7:30,1,0
29,10/22/24 7:30,1,0
29,10/22/24 7:30,1,0
30,10/1/24 6:01,1,1
30,10/1/24 6:01,1,1
30,10/1/24 6:01,1,1
30,10/1/24 6:01,1,1
30,10/1/24 17:53,1,0
30,10/1/24 17:53,1,0
30,10/1/24 17:53,1,0
30,10/1/24 17:53,1,0
30,10/2/24 3:01,1,1
30,10/2/24 3:01,1,1
30,10/2/24 3:01,1,1
30,10/2/24 3:01,1,1
30,10/3/24 17:55,1,0
30,10/3/24 17:55,1,0
30,10/3/24 17:55,1,0
30,10/4/24 6:00,1,1
30,10/4/24 6:00,1,1
30,10/4/24 6:00,1,1
30,10/4/24 6:00,1,1
30,10/4/24 17:49,1,0
30,10/4/24 17:49,1,0
30,10/4/24 17:49,1,0
30,10/4/24 17:49,1,0
30,10/5/24 3:02,1,1
30,10/5/24 3:02,1,1
30,10/5/24 3:02,1,1
30,10/5/24 3:02,1,1
30,10/5/24 17:50,1,0
30,10/5/24 17:50,1,0
30,10/5/24 17:50,1,0
30,10/5/24 17:50,1,0
30,10/6/24 3:11,1,1
30,10/6/24 3:11,1,1
30,10/6/24 3:11,1,1
30,10/6/24 3:11,1,1
30,10/7/24 17:39,1,0
30,10/7/24 17:39,1,0
30,10/7/24 17:39,1,0
30,10/7/24 17:39,1,0
30,10/8/24 6:00,1,1
30,10/8/24 6:00,1,1
30,10/8/24 6:00,1,1
30,10/8/24 6:00,1,1
30,10/8/24 6:00,1,1
30,10/8/24 17:52,1,0
30,10/8/24 17:52,1,0
30,10/8/24 17:52,1,0
30,10/8/24 17:52,1,0
30,10/8/24 17:52,1,0
30,10/9/24 5:06,1,1
30,10/9/24 5:06,1,1
30,10/9/24 5:07,1,1
30,10/9/24 5:07,1,1
30,10/9/24 5:07,1,1
30,10/9/24 5:07,1,1
30,10/9/24 17:40,1,0
30,10/9/24 17:40,1,0
30,10/9/24 17:40,1,0
30,10/9/24 17:40,1,0
30,10/9/24 17:40,1,0
30,10/9/24 17:40,1,0
30,10/10/24 3:31,1,1
30,10/10/24 3:31,1,1
30,10/10/24 3:31,1,1
30,10/10/24 3:31,1,1
30,10/10/24 3:31,1,1
30,10/10/24 18:32,1,0
30,10/10/24 18:32,1,0
30,10/10/24 18:32,1,0
30,10/10/24 18:32,1,0
30,10/10/24 18:32,1,0
30,10/11/24 6:01,1,1
30,10/11/24 6:01,1,1
30,10/11/24 6:01,1,1
30,10/11/24 6:01,1,1
30,10/11/24 6:01,1,1
30,10/11/24 6:01,1,1
30,10/11/24 17:57,1,0
30,10/11/24 17:57,1,0
30,10/11/24 17:58,1,0
30,10/11/24 17:58,1,0
30,10/11/24 17:58,1,0
30,10/11/24 17:58,1,0
30,10/12/24 5:01,1,1
30,10/12/24 5:01,1,1
30,10/12/24 5:01,1,1
30,10/12/24 5:01,1,1
30,10/12/24 5:01,1,1
30,10/12/24 17:56,1,0
30,10/12/24 17:56,1,0
30,10/12/24 17:56,1,0
30,10/12/24 17:56,1,0
30,10/13/24 0:15,1,1
30,10/13/24 0:15,1,1
30,10/13/24 0:15,1,1
30,10/13/24 0:15,1,1
30,10/13/24 0:15,1,1
30,10/14/24 17:56,1,0
30,10/14/24 17:56,1,0
30,10/14/24 17:56,1,0
30,10/14/24 17:56,1,0
30,10/14/24 17:56,1,0
30,10/15/24 5:02,1,1
30,10/15/24 5:02,1,1
30,10/15/24 5:02,1,1
30,10/15/24 5:02,1,1
30,10/15/24 17:54,1,0
30,10/15/24 17:54,1,0
30,10/15/24 17:54,1,0
30,10/15/24 17:54,1,0
30,10/16/24 6:01,1,1
30,10/16/24 6:01,1,1
30,10/16/24 6:01,1,1
30,10/16/24 6:01,1,1
30,10/16/24 6:01,1,1
30,10/16/24 17:54,1,0
30,10/16/24 17:54,1,0
30,10/16/24 17:54,1,0
30,10/16/24 17:54,1,0
30,10/16/24 17:54,1,0
30,10/17/24 6:01,1,1
30,10/17/24 6:01,1,1
30,10/17/24 6:01,1,1
30,10/17/24 6:01,1,1
30,10/17/24 17:51,1,0
30,10/17/24 17:51,1,0
30,10/17/24 17:51,1,0
30,10/17/24 17:51,1,0
30,10/17/24 17:51,1,0
30,10/17/24 17:51,1,0
30,10/18/24 6:01,1,1
30,10/18/24 6:01,1,1
30,10/18/24 6:02,1,1
30,10/18/24 6:02,1,1
30,10/18/24 17:45,1,0
30,10/18/24 17:45,1,0
30,10/18/24 17:45,1,0
30,10/18/24 17:45,1,0
30,10/19/24 6:01,1,1
30,10/19/24 6:01,1,1
30,10/19/24 6:01,1,1
30,10/19/24 6:01,1,1
30,10/19/24 6:01,1,1
30,10/19/24 17:50,1,0
30,10/19/24 17:50,1,0
30,10/19/24 17:50,1,0
30,10/19/24 17:51,1,0
30,10/19/24 17:51,1,0
30,10/20/24 6:01,1,1
30,10/20/24 6:01,1,1
30,10/20/24 6:01,1,1
30,10/20/24 6:01,1,1
30,10/20/24 6:01,1,1
30,10/20/24 17:51,1,0
30,10/20/24 17:51,1,0
30,10/20/24 17:51,1,0
30,10/20/24 17:51,1,0
30,10/20/24 17:51,1,0
30,10/20/24 17:51,1,0
30,10/21/24 6:01,1,1
30,10/21/24 6:01,1,1
30,10/21/24 6:01,1,1
30,10/21/24 6:01,1,1
30,10/21/24 6:01,1,1
31,10/1/24 9:31,1,0
31,10/1/24 9:31,1,0
31,10/1/24 19:39,1,1
31,10/1/24 19:39,1,1
31,10/2/24 17:03,1,1
31,10/2/24 17:03,1,1
31,10/2/24 17:04,1,1
31,10/3/24 13:30,1,0
31,10/3/24 13:30,1,0
31,10/3/24 22:09,1,1
31,10/3/24 22:09,1,1
31,10/3/24 22:09,1,1
31,10/5/24 12:34,1,1
31,10/5/24 12:34,1,1
31,10/5/24 12:34,1,0
31,10/5/24 12:34,1,0
31,10/5/24 12:34,1,0
31,10/5/24 12:34,1,0
31,10/5/24 22:13,1,1
31,10/5/24 22:13,1,1
31,10/6/24 12:59,1,0
31,10/6/24 12:59,1,0
31,10/6/24 12:59,1,0
31,10/7/24 12:51,1,0
31,10/7/24 12:51,1,0
31,10/7/24 12:51,1,0
31,10/7/24 22:10,1,1
31,10/7/24 22:10,1,1
31,10/7/24 22:10,1,1
31,10/8/24 10:03,1,0
31,10/8/24 10:03,1,0
31,10/8/24 19:01,1,1
31,10/12/24 17:00,1,1
31,10/12/24 17:00,1,1
31,10/13/24 12:46,1,0
31,10/13/24 12:46,1,0
31,10/13/24 12:46,1,0
31,10/13/24 22:03,1,1
31,10/13/24 22:03,1,1
31,10/14/24 13:00,1,0
31,10/14/24 13:00,1,0
31,10/14/24 22:00,1,1
31,10/14/24 22:00,1,1
31,10/15/24 13:18,1,0
31,10/15/24 13:18,1,0
31,10/15/24 22:14,1,1
31,10/15/24 22:14,1,1
31,10/16/24 12:59,1,0
31,10/16/24 12:59,1,0
31,10/16/24 12:59,1,0
31,10/16/24 22:02,1,1
31,10/16/24 22:02,1,1
31,10/16/24 22:02,1,1
31,10/18/24 12:57,1,0
31,10/18/24 12:57,1,0
31,10/18/24 12:57,1,0
31,10/18/24 22:22,1,1
31,10/18/24 22:22,1,1
31,10/18/24 22:22,1,1
31,10/19/24 17:02,1,1
31,10/19/24 17:02,1,1
31,10/19/24 17:02,1,1
31,10/20/24 10:01,1,0
31,10/20/24 10:01,1,0
31,10/20/24 19:01,1,1
31,10/21/24 14:04,1,0
31,10/21/24 14:04,1,0
31,10/21/24 14:04,1,0
31,10/22/24 2:09,1,1
32,10/1/24 6:42,1,0
32,10/1/24 6:42,1,0
32,10/1/24 6:46,1,0
32,10/1/24 6:46,1,0
32,10/1/24 18:00,1,1
32,10/1/24 18:00,1,1
32,10/1/24 18:00,1,1
32,10/1/24 18:00,1,1
32,10/4/24 8:41,1,0
32,10/4/24 8:41,1,0
32,10/4/24 8:41,1,0
32,10/4/24 8:41,1,0
32,10/4/24 8:41,1,0
32,10/4/24 18:01,1,1
32,10/4/24 18:01,1,1
32,10/4/24 18:01,1,1
32,10/4/24 18:01,1,1
32,10/4/24 18:01,1,1
32,10/7/24 8:47,1,0
32,10/7/24 8:47,1,0
32,10/7/24 8:47,1,0
32,10/7/24 8:47,1,0
32,10/7/24 8:47,1,0
32,10/7/24 8:47,1,0
32,10/7/24 8:56,1,0
32,10/7/24 21:03,1,1
32,10/7/24 21:03,1,1
32,10/7/24 21:03,1,1
32,10/7/24 21:04,1,1
32,10/7/24 21:04,1,1
32,10/7/24 21:04,1,1
32,10/8/24 8:52,1,0
32,10/8/24 8:52,1,0
32,10/8/24 8:52,1,0
32,10/8/24 8:52,1,0
32,10/8/24 8:57,1,0
32,10/8/24 18:00,1,1
32,10/8/24 18:00,1,1
32,10/8/24 18:00,1,1
32,10/8/24 18:00,1,1
32,10/8/24 18:00,1,1
32,10/8/24 18:00,1,1
32,10/8/24 18:00,1,1
32,10/8/24 18:00,1,1
32,10/9/24 7:58,1,0
32,10/9/24 7:58,1,0
32,10/9/24 7:58,1,0
32,10/9/24 7:58,1,0
32,10/9/24 18:02,1,1
32,10/9/24 18:02,1,1
32,10/9/24 18:02,1,1
32,10/10/24 8:58,1,0
32,10/10/24 8:58,1,0
32,10/10/24 8:58,1,0
32,10/10/24 8:58,1,0
32,10/10/24 8:58,1,0
32,10/10/24 8:58,1,0
32,10/10/24 18:12,1,1
32,10/10/24 18:12,1,1
32,10/10/24 18:12,1,1
32,10/10/24 18:12,1,1
32,10/10/24 18:13,1,1
32,10/12/24 7:52,1,0
32,10/12/24 7:52,1,0
32,10/12/24 19:04,1,1
32,10/15/24 8:58,1,0
32,10/15/24 8:58,1,0
32,10/15/24 8:58,1,0
32,10/15/24 8:58,1,0
32,10/15/24 8:58,1,0
32,10/15/24 8:58,1,0
32,10/15/24 18:01,1,1
32,10/15/24 18:01,1,1
32,10/15/24 18:01,1,1
32,10/15/24 18:01,1,1
32,10/15/24 18:01,1,1
32,10/16/24 5:46,1,0
32,10/16/24 5:46,1,0
32,10/16/24 20:13,1,1
32,10/16/24 20:13,1,1
32,10/16/24 20:13,1,1
32,10/18/24 8:48,1,0
32,10/18/24 8:48,1,0
32,10/18/24 8:48,1,0
32,10/18/24 8:49,1,0
32,10/18/24 8:49,1,0
32,10/18/24 18:03,1,1
32,10/18/24 18:03,1,1
32,10/18/24 18:03,1,1
32,10/18/24 18:03,1,1
32,10/18/24 18:03,1,1
32,10/19/24 8:50,1,0
32,10/19/24 8:50,1,0
32,10/19/24 8:50,1,0
32,10/19/24 8:50,1,0
32,10/19/24 8:50,1,0
32,10/19/24 8:51,1,0
32,10/19/24 18:03,1,1
32,10/19/24 18:03,1,1
32,10/19/24 18:03,1,1
32,10/19/24 18:03,1,1
32,10/19/24 18:03,1,1
32,10/19/24 18:03,1,1
32,10/20/24 7:53,1,0
32,10/20/24 7:53,1,0
32,10/20/24 7:53,1,0
32,10/20/24 7:53,1,0
32,10/20/24 7:53,1,0
32,10/20/24 7:53,1,0
32,10/20/24 18:01,1,1
32,10/20/24 18:01,1,1
32,10/20/24 18:01,1,1
32,10/20/24 18:01,1,1
32,10/20/24 18:01,1,1
32,10/20/24 18:01,1,1
32,10/21/24 7:55,1,0
32,10/21/24 7:55,1,0
32,10/21/24 7:55,1,0
32,10/21/24 7:55,1,0
32,10/21/24 7:55,1,0
32,10/21/24 18:00,1,1
32,10/21/24 18:00,1,1
32,10/21/24 18:01,1,1
32,10/22/24 7:49,1,0
32,10/22/24 7:49,1,0
34,10/4/24 8:56,1,0
34,10/4/24 8:56,1,0
34,10/4/24 18:00,1,1
34,10/4/24 18:00,1,1
34,10/4/24 18:00,1,1
34,10/5/24 8:47,1,0
34,10/5/24 8:47,1,0
34,10/5/24 8:47,1,0
34,10/5/24 18:00,1,1
34,10/5/24 18:00,1,1
34,10/5/24 18:00,1,1
34,10/5/24 18:00,1,1
34,10/5/24 18:00,1,1
34,10/8/24 18:00,1,1
34,10/8/24 18:00,1,1
34,10/8/24 18:00,1,1
34,10/8/24 18:00,1,1
34,10/8/24 18:00,1,1
34,10/8/24 18:00,1,1
34,10/8/24 18:00,1,1
34,10/9/24 8:48,1,0
34,10/9/24 8:48,1,0
34,10/9/24 8:48,1,0
34,10/9/24 18:00,1,1
34,10/9/24 18:00,1,1
34,10/9/24 18:00,1,1
34,10/10/24 8:47,1,0
34,10/10/24 8:47,1,0
34,10/10/24 8:47,1,0
34,10/10/24 8:47,1,0
34,10/10/24 18:00,1,1
34,10/10/24 18:00,1,1
34,10/10/24 18:00,1,1
34,10/10/24 18:00,1,1
34,10/10/24 18:00,1,1
34,10/13/24 7:50,1,0
34,10/13/24 7:50,1,0
34,10/13/24 7:50,1,0
34,10/13/24 7:50,1,0
34,10/13/24 7:50,1,0
34,10/13/24 18:00,1,1
34,10/13/24 18:00,1,1
34,10/13/24 18:00,1,1
34,10/13/24 18:00,1,1
34,10/16/24 7:42,1,0
34,10/16/24 7:42,1,0
34,10/16/24 7:42,1,0
34,10/16/24 18:00,1,1
34,10/16/24 18:00,1,1
34,10/16/24 18:00,1,1
34,10/19/24 7:58,1,0
34,10/19/24 7:58,1,0
34,10/19/24 7:58,1,0
34,10/19/24 7:58,1,0
34,10/19/24 7:58,1,0
34,10/19/24 18:00,1,1
34,10/19/24 18:00,1,1
34,10/19/24 18:00,1,1
34,10/19/24 18:00,1,1
34,10/20/24 6:55,1,0
34,10/20/24 6:55,1,0
34,10/20/24 6:55,1,0
34,10/20/24 6:55,1,0
34,10/20/24 6:55,1,0
34,10/20/24 18:00,1,1
34,10/20/24 18:00,1,1
34,10/20/24 18:00,1,1
34,10/20/24 18:00,1,1
34,10/21/24 5:52,1,0
34,10/21/24 5:52,1,0
34,10/21/24 5:52,1,0
34,10/21/24 5:52,1,0
34,10/21/24 18:00,1,1
34,10/21/24 18:00,1,1
34,10/21/24 18:00,1,1
34,10/21/24 18:00,1,1
34,10/22/24 5:47,1,0
34,10/22/24 5:47,1,0
34,10/22/24 5:47,1,0
34,10/22/24 5:47,1,0
34,10/22/24 5:47,1,0
38,10/1/24 10:44,1,0
38,10/1/24 10:44,1,0
38,10/1/24 19:01,1,1
38,10/1/24 19:01,1,1
38,10/3/24 9:44,1,0
38,10/3/24 9:44,1,0
38,10/3/24 9:44,1,0
38,10/3/24 18:17,1,1
38,10/3/24 18:17,1,1
38,10/19/24 8:50,1,0
38,10/19/24 8:50,1,0
38,10/19/24 18:02,1,1
38,10/19/24 18:02,1,1
38,10/20/24 7:58,1,0
38,10/20/24 7:59,1,0
38,10/20/24 18:08,1,1
38,10/20/24 18:08,1,1
39,10/1/24 4:10,1,1
39,10/1/24 4:10,1,1
39,10/1/24 4:10,1,1
39,10/3/24 18:02,1,0
39,10/3/24 18:02,1,0
39,10/3/24 18:02,1,0
39,10/4/24 6:00,1,1
39,10/4/24 6:00,1,1
39,10/4/24 6:00,1,1
39,10/15/24 19:12,1,0
39,10/15/24 19:12,1,0
39,10/15/24 19:12,1,0
39,10/16/24 3:09,1,1
39,10/16/24 3:09,1,1
39,10/16/24 3:09,1,1
39,10/17/24 18:01,1,0
39,10/17/24 18:01,1,0
39,10/17/24 18:01,1,0
39,10/18/24 3:03,1,1
39,10/18/24 3:03,1,1
39,10/18/24 3:04,1,1
39,10/21/24 17:49,1,0
39,10/21/24 17:49,1,0
39,10/21/24 17:49,1,0
39,10/22/24 4:04,1,1
39,10/22/24 4:04,1,1
39,10/22/24 4:04,1,1
40,10/1/24 15:36,1,0
40,10/1/24 15:36,1,0
40,10/2/24 15:40,1,0
40,10/2/24 15:40,1,0
40,10/3/24 14:38,1,0
40,10/3/24 14:38,1,0
40,10/4/24 15:18,1,0
40,10/4/24 15:18,1,0
40,10/5/24 13:57,1,0
40,10/5/24 13:57,1,0
40,10/6/24 15:09,1,0
40,10/6/24 15:09,1,0
40,10/7/24 14:44,1,0
40,10/7/24 14:44,1,0
40,10/8/24 3:13,1,1
40,10/8/24 3:13,1,1
40,10/8/24 15:02,1,0
40,10/8/24 15:02,1,0
40,10/9/24 14:39,1,0
40,10/9/24 14:39,1,0
40,10/14/24 16:18,1,0
40,10/14/24 16:18,1,0
42,10/1/24 7:06,1,0
42,10/1/24 7:06,1,0
42,10/1/24 7:06,1,0
42,10/3/24 9:16,1,0
42,10/3/24 9:16,1,0
42,10/3/24 9:16,1,0
42,10/3/24 9:16,1,0
42,10/3/24 18:02,1,1
42,10/3/24 18:02,1,1
42,10/3/24 18:02,1,1
42,10/3/24 18:02,1,1
42,10/3/24 18:02,1,1
42,10/7/24 9:01,1,0
42,10/7/24 9:01,1,0
42,10/7/24 9:01,1,0
42,10/7/24 9:02,1,0
42,10/7/24 9:02,1,0
42,10/7/24 20:02,1,1
42,10/7/24 20:02,1,1
42,10/7/24 20:02,1,1
42,10/8/24 7:16,1,0
42,10/8/24 7:16,1,0
42,10/10/24 8:57,1,0
42,10/10/24 8:57,1,0
42,10/10/24 8:57,1,0
42,10/10/24 8:57,1,0
42,10/10/24 17:06,1,1
42,10/10/24 17:06,1,1
42,10/12/24 8:44,1,0
42,10/12/24 8:44,1,0
42,10/12/24 20:23,1,1
42,10/13/24 7:36,1,0
42,10/13/24 7:36,1,0
42,10/13/24 7:36,1,0
42,10/13/24 17:27,1,1
42,10/15/24 8:57,1,0
42,10/15/24 8:57,1,0
42,10/15/24 8:58,1,0
42,10/15/24 8:58,1,0
42,10/15/24 18:01,1,1
42,10/15/24 18:01,1,1
42,10/15/24 18:01,1,1
42,10/15/24 18:01,1,1
42,10/16/24 5:42,1,0
42,10/16/24 5:42,1,0
42,10/16/24 5:42,1,0
42,10/16/24 5:42,1,0
42,10/16/24 20:13,1,1
42,10/16/24 20:13,1,1
42,10/16/24 20:13,1,1
42,10/21/24 7:56,1,0
42,10/21/24 7:56,1,0
42,10/21/24 18:00,1,1
42,10/22/24 7:50,1,0
42,10/22/24 7:50,1,0
45,10/1/24 11:00,1,0
45,10/1/24 11:00,1,0
45,10/1/24 19:04,1,1
45,10/1/24 19:05,1,1
45,10/2/24 8:11,1,0
45,10/2/24 8:11,1,0
45,10/2/24 17:05,1,1
45,10/2/24 17:05,1,1
45,10/3/24 9:58,1,0
45,10/3/24 9:58,1,0
45,10/3/24 19:01,1,1
45,10/3/24 19:01,1,1
45,10/4/24 10:06,1,0
45,10/4/24 10:06,1,0
45,10/4/24 19:10,1,1
45,10/4/24 19:10,1,1
45,10/5/24 10:16,1,0
45,10/5/24 10:16,1,0
45,10/5/24 21:01,1,1
45,10/5/24 21:01,1,1
45,10/6/24 11:00,1,0
45,10/6/24 11:00,1,0
45,10/6/24 18:00,1,1
45,10/6/24 18:01,1,1
45,10/9/24 10:00,1,0
45,10/9/24 10:00,1,0
45,10/9/24 19:01,1,1
45,10/9/24 19:01,1,1
45,10/11/24 10:04,1,0
45,10/11/24 10:04,1,0
45,10/11/24 19:08,1,1
45,10/11/24 19:08,1,1
45,10/13/24 8:15,1,0
45,10/13/24 8:15,1,0
45,10/13/24 17:07,1,0
45,10/13/24 17:07,1,0
45,10/14/24 13:00,1,0
45,10/14/24 13:00,1,0
45,10/14/24 22:00,1,1
45,10/14/24 22:00,1,1
45,10/16/24 10:14,1,0
45,10/16/24 10:14,1,0
45,10/16/24 19:02,1,1
45,10/16/24 19:02,1,1
45,10/17/24 9:55,1,0
45,10/17/24 9:55,1,0
45,10/17/24 19:00,1,1
45,10/17/24 19:00,1,1
45,10/17/24 19:00,1,1
45,10/19/24 10:07,1,0
45,10/19/24 10:07,1,0
45,10/19/24 20:00,1,1
45,10/19/24 20:00,1,1
45,10/20/24 8:13,1,0
45,10/20/24 8:13,1,0
45,10/20/24 17:04,1,1
45,10/20/24 17:04,1,1
55,10/1/24 17:56,1,0
55,10/1/24 17:56,1,0
55,10/2/24 3:01,1,1
55,10/2/24 3:01,1,1
55,10/3/24 0:01,1,1
55,10/3/24 0:01,1,1
55,10/5/24 18:00,1,0
55,10/5/24 18:00,1,0
55,10/6/24 2:21,1,1
55,10/6/24 2:21,1,1
55,10/6/24 3:03,1,1
55,10/7/24 17:59,1,0
55,10/8/24 2:53,1,1
55,10/8/24 18:10,1,0
55,10/8/24 18:10,1,0
55,10/9/24 4:42,1,1
55,10/9/24 4:42,1,1
55,10/9/24 18:16,1,0
55,10/10/24 1:38,1,1
55,10/11/24 17:59,1,0
55,10/11/24 23:14,1,1
55,10/14/24 18:17,1,0
55,10/14/24 18:17,1,0
55,10/15/24 4:02,1,1
55,10/19/24 17:51,1,0
55,10/19/24 17:51,1,0
55,10/20/24 2:42,1,1
55,10/20/24 2:42,1,1
55,10/20/24 19:18,1,0
55,10/20/24 19:18,1,0
55,10/21/24 6:02,1,1
55,10/21/24 6:02,1,1
55,10/21/24 17:58,1,0
55,10/21/24 17:58,1,0
55,10/22/24 2:08,1,1
57,10/1/24 7:29,1,0
57,10/1/24 7:29,1,0
57,10/1/24 7:29,1,0
57,10/3/24 7:33,1,0
57,10/3/24 7:33,1,0
57,10/3/24 7:33,1,0
57,10/3/24 7:33,1,0
57,10/3/24 17:28,1,1
57,10/3/24 17:28,1,1
57,10/3/24 17:28,1,1
57,10/4/24 7:28,1,0
57,10/4/24 7:28,1,0
57,10/4/24 7:28,1,0
57,10/4/24 7:28,1,0
57,10/4/24 7:28,1,0
57,10/4/24 17:22,1,1
57,10/4/24 17:22,1,1
57,10/4/24 17:22,1,1
57,10/4/24 17:22,1,1
57,10/5/24 7:18,1,0
57,10/5/24 7:19,1,0
57,10/5/24 7:19,1,0
57,10/5/24 7:19,1,0
57,10/5/24 17:04,1,1
57,10/5/24 17:04,1,1
57,10/5/24 17:04,1,1
57,10/5/24 17:04,1,1
57,10/7/24 6:57,1,0
57,10/7/24 6:57,1,0
57,10/7/24 6:57,1,0
57,10/7/24 6:57,1,0
57,10/7/24 17:13,1,1
57,10/7/24 17:13,1,1
57,10/7/24 17:13,1,1
57,10/8/24 7:16,1,0
57,10/8/24 7:16,1,0
57,10/8/24 7:16,1,0
57,10/8/24 7:16,1,0
57,10/8/24 7:16,1,0
57,10/8/24 17:39,1,1
57,10/8/24 17:39,1,1
57,10/8/24 17:39,1,1
57,10/8/24 17:39,1,1
57,10/9/24 7:27,1,0
57,10/9/24 7:27,1,0
57,10/9/24 7:27,1,0
57,10/9/24 17:19,1,1
57,10/9/24 17:19,1,1
57,10/9/24 17:20,1,1
57,10/10/24 6:54,1,0
57,10/10/24 6:54,1,0
57,10/10/24 6:54,1,0
57,10/10/24 19:35,1,1
57,10/10/24 19:35,1,1
57,10/11/24 8:23,1,0
57,10/11/24 8:23,1,0
57,10/11/24 8:23,1,0
57,10/11/24 8:23,1,0
57,10/11/24 19:00,1,1
57,10/11/24 19:00,1,1
57,10/11/24 19:00,1,1
57,10/11/24 19:00,1,1
57,10/12/24 7:22,1,0
57,10/12/24 7:22,1,0
57,10/12/24 7:22,1,0
57,10/12/24 7:22,1,0
57,10/12/24 19:03,1,1
57,10/12/24 19:03,1,1
57,10/12/24 19:03,1,1
57,10/12/24 19:03,1,1
57,10/13/24 7:30,1,0
57,10/13/24 7:30,1,0
57,10/13/24 7:30,1,0
57,10/13/24 7:30,1,0
57,10/13/24 20:01,1,1
57,10/13/24 20:01,1,1
57,10/13/24 20:01,1,1
57,10/13/24 20:01,1,1
57,10/14/24 7:25,1,0
57,10/14/24 7:25,1,0
57,10/14/24 7:25,1,0
57,10/14/24 7:25,1,0
57,10/14/24 17:13,1,1
57,10/14/24 17:13,1,1
57,10/14/24 17:13,1,1
57,10/14/24 17:13,1,1
57,10/14/24 17:13,1,1
59,10/1/24 7:41,1,0
59,10/1/24 7:41,1,0
59,10/1/24 7:41,1,0
59,10/1/24 7:41,1,0
59,10/1/24 7:41,1,0
59,10/1/24 17:25,1,1
59,10/1/24 17:25,1,1
59,10/2/24 7:40,1,0
59,10/2/24 7:40,1,0
59,10/2/24 7:40,1,0
59,10/2/24 17:31,1,1
59,10/2/24 17:31,1,1
59,10/2/24 17:31,1,1
59,10/3/24 7:37,1,0
59,10/3/24 7:37,1,0
59,10/3/24 7:37,1,0
59,10/3/24 7:37,1,0
59,10/3/24 17:32,1,1
59,10/3/24 17:32,1,1
59,10/3/24 17:32,1,1
59,10/4/24 7:34,1,0
59,10/4/24 7:34,1,0
59,10/4/24 7:35,1,0
59,10/4/24 7:35,1,0
59,10/4/24 17:33,1,1
59,10/4/24 17:33,1,1
59,10/5/24 7:08,1,0
59,10/5/24 7:08,1,0
59,10/5/24 7:08,1,0
59,10/5/24 7:08,1,0
59,10/5/24 17:38,1,1
59,10/5/24 17:38,1,1
59,10/5/24 17:38,1,1
59,10/5/24 17:38,1,1
59,10/7/24 7:27,1,0
59,10/7/24 7:27,1,0
59,10/7/24 17:15,1,1
59,10/7/24 17:15,1,1
59,10/8/24 7:17,1,0
59,10/8/24 7:17,1,0
59,10/8/24 7:17,1,0
59,10/8/24 7:17,1,0
59,10/8/24 17:39,1,1
59,10/8/24 17:39,1,1
59,10/8/24 17:39,1,1
59,10/8/24 17:39,1,1
59,10/8/24 17:39,1,1
59,10/9/24 7:37,1,0
59,10/9/24 7:37,1,0
59,10/9/24 7:37,1,0
59,10/9/24 7:37,1,0
59,10/9/24 17:15,1,0
59,10/9/24 17:15,1,0
59,10/9/24 17:15,1,0
59,10/9/24 17:15,1,1
59,10/9/24 17:15,1,1
59,10/10/24 7:18,1,0
59,10/10/24 7:18,1,0
59,10/10/24 7:18,1,0
59,10/10/24 7:19,1,0
59,10/10/24 17:20,1,1
59,10/10/24 17:20,1,1
59,10/10/24 17:20,1,1
59,10/15/24 7:45,1,0
59,10/15/24 7:45,1,0
59,10/15/24 17:13,1,1
59,10/15/24 17:13,1,1
59,10/16/24 7:47,1,0
59,10/16/24 7:47,1,0
59,10/16/24 7:47,1,0
59,10/16/24 17:13,1,1
59,10/16/24 17:13,1,1
59,10/16/24 17:13,1,1
59,10/17/24 8:10,1,0
59,10/17/24 8:10,1,0
59,10/17/24 17:11,1,1
59,10/17/24 17:11,1,1
59,10/17/24 17:11,1,1
59,10/21/24 5:09,1,0
59,10/21/24 5:09,1,0
6,10/2/24 8:29,1,0
6,10/3/24 6:58,1,0
6,10/3/24 6:58,1,0
6,10/3/24 6:58,1,0
6,10/3/24 19:29,1,1
6,10/3/24 19:29,1,1
6,10/4/24 7:53,1,0
6,10/4/24 7:53,1,0
6,10/5/24 7:59,1,0
6,10/5/24 7:59,1,0
6,10/5/24 7:59,1,0
6,10/5/24 20:46,1,1
6,10/5/24 20:46,1,1
6,10/7/24 8:08,1,0
6,10/7/24 8:08,1,0
6,10/8/24 7:58,1,0
6,10/8/24 7:58,1,0
6,10/8/24 18:31,1,1
6,10/8/24 18:31,1,1
6,10/9/24 7:57,1,0
6,10/9/24 7:57,1,0
6,10/9/24 7:57,1,0
6,10/9/24 21:30,1,1
6,10/15/24 8:03,1,0
6,10/15/24 8:03,1,0
6,10/15/24 8:03,1,0
6,10/15/24 18:29,1,1
6,10/15/24 18:29,1,1
6,10/15/24 18:29,1,1
6,10/16/24 7:54,1,0
6,10/16/24 7:54,1,0
6,10/16/24 7:54,1,0
6,10/16/24 17:53,1,1
6,10/16/24 17:53,1,1
6,10/22/24 7:57,1,0
6,10/22/24 7:57,1,0
6,10/22/24 7:57,1,0
6,10/22/24 7:57,1,0
60,10/1/24 8:02,1,0
60,10/1/24 8:02,1,0
60,10/1/24 17:57,1,1
60,10/1/24 17:57,1,1
60,10/1/24 17:57,1,1
60,10/2/24 8:04,1,0
60,10/2/24 8:04,1,0
60,10/2/24 17:58,1,1
60,10/2/24 17:58,1,1
60,10/3/24 7:54,1,0
60,10/3/24 7:54,1,0
60,10/3/24 7:54,1,0
60,10/4/24 7:58,1,0
60,10/4/24 7:58,1,0
60,10/5/24 7:55,1,0
60,10/5/24 7:55,1,0
60,10/5/24 7:55,1,0
60,10/5/24 17:11,1,1
60,10/5/24 17:11,1,1
60,10/5/24 17:11,1,1
60,10/7/24 9:07,1,0
60,10/7/24 18:19,1,1
60,10/7/24 18:19,1,1
60,10/8/24 7:54,1,0
60,10/8/24 7:54,1,0
60,10/8/24 7:54,1,0
60,10/8/24 7:54,1,0
60,10/8/24 17:00,1,1
60,10/8/24 17:00,1,1
60,10/8/24 17:00,1,1
60,10/9/24 7:54,1,0
60,10/9/24 7:54,1,0
60,10/9/24 7:54,1,0
60,10/9/24 17:39,1,1
60,10/10/24 7:57,1,0
60,10/10/24 7:57,1,0
60,10/11/24 8:03,1,0
60,10/11/24 8:03,1,0
60,10/11/24 8:03,1,0
60,10/11/24 17:02,1,1
60,10/11/24 17:02,1,1
60,10/14/24 7:47,1,0
60,10/14/24 7:47,1,0
60,10/14/24 7:47,1,0
60,10/14/24 17:51,1,1
60,10/14/24 17:51,1,1
60,10/14/24 17:51,1,1
60,10/15/24 8:02,1,0
60,10/15/24 8:02,1,0
60,10/15/24 17:30,1,1
60,10/15/24 17:30,1,1
60,10/16/24 7:58,1,0
60,10/16/24 7:58,1,0
60,10/16/24 7:58,1,0
60,10/16/24 7:58,1,0
60,10/16/24 17:37,1,0
60,10/16/24 17:37,1,0
60,10/16/24 17:37,1,0
60,10/17/24 8:13,1,0
60,10/17/24 8:14,1,0
60,10/17/24 8:14,1,0
60,10/17/24 17:10,1,0
60,10/17/24 17:10,1,0
60,10/17/24 17:10,1,0
60,10/18/24 8:03,1,0
60,10/18/24 8:03,1,0
60,10/18/24 17:10,1,1
60,10/18/24 17:10,1,1
60,10/18/24 17:10,1,1
60,10/21/24 8:00,1,0
60,10/21/24 8:00,1,0
60,10/21/24 17:03,1,0
60,10/21/24 17:03,1,1
60,10/21/24 17:03,1,1
60,10/21/24 17:04,1,1
62,10/1/24 7:58,1,0
62,10/1/24 7:58,1,0
62,10/1/24 7:58,1,0
62,10/1/24 7:58,1,0
62,10/1/24 19:06,1,1
62,10/1/24 19:06,1,1
62,10/2/24 7:56,1,0
62,10/2/24 7:56,1,0
62,10/2/24 7:56,1,0
62,10/2/24 19:18,1,1
62,10/2/24 19:18,1,1
62,10/2/24 19:18,1,1
62,10/3/24 9:57,1,0
62,10/3/24 9:57,1,0
62,10/3/24 9:57,1,0
62,10/3/24 19:06,1,1
62,10/3/24 19:06,1,1
62,10/3/24 19:06,1,1
62,10/3/24 19:06,1,1
62,10/5/24 12:59,1,0
62,10/5/24 12:59,1,0
62,10/5/24 12:59,1,0
62,10/5/24 18:24,1,1
62,10/5/24 18:24,1,1
62,10/7/24 8:00,1,0
62,10/7/24 8:00,1,0
62,10/7/24 12:34,1,1
62,10/7/24 12:34,1,1
62,10/8/24 8:01,1,0
62,10/8/24 8:01,1,0
62,10/8/24 8:01,1,0
62,10/8/24 18:37,1,1
62,10/8/24 18:37,1,1
62,10/8/24 18:37,1,1
62,10/8/24 18:37,1,1
62,10/8/24 18:37,1,1
62,10/9/24 7:45,1,0
62,10/9/24 7:45,1,0
62,10/9/24 7:45,1,0
62,10/9/24 18:00,1,1
62,10/9/24 18:00,1,1
62,10/9/24 18:00,1,1
62,10/10/24 8:08,1,0
62,10/10/24 8:08,1,0
62,10/10/24 12:00,1,1
62,10/10/24 12:00,1,1
62,10/11/24 8:04,1,0
62,10/11/24 8:04,1,0
62,10/11/24 18:42,1,1
62,10/11/24 18:42,1,1
62,10/12/24 7:59,1,0
62,10/12/24 7:59,1,0
62,10/12/24 17:01,1,1
62,10/12/24 17:01,1,1
62,10/14/24 9:05,1,0
62,10/14/24 9:05,1,0
62,10/14/24 9:05,1,0
62,10/14/24 17:31,1,1
62,10/14/24 17:31,1,1
62,10/15/24 8:01,1,0
62,10/15/24 8:01,1,0
62,10/15/24 8:01,1,0
62,10/15/24 18:26,1,1
62,10/15/24 18:26,1,1
62,10/16/24 9:45,1,0
62,10/16/24 9:45,1,0
62,10/16/24 9:45,1,0
62,10/16/24 9:45,1,0
62,10/16/24 18:01,1,1
62,10/16/24 18:01,1,1
62,10/16/24 18:01,1,1
62,10/18/24 8:06,1,0
62,10/18/24 8:06,1,0
62,10/18/24 18:03,1,1
62,10/18/24 18:03,1,1
62,10/18/24 18:03,1,1
62,10/21/24 10:01,1,0
62,10/21/24 19:02,1,1
62,10/21/24 19:02,1,1
62,10/21/24 19:02,1,1
62,10/21/24 19:02,1,1
62,10/21/24 19:02,1,1
62,10/22/24 8:57,1,0
62,10/22/24 8:57,1,0
62,10/22/24 8:57,1,0
63,10/8/24 16:03,1,1
63,10/10/24 9:40,1,0
63,10/10/24 19:01,1,1
63,10/11/24 10:16,1,0
63,10/11/24 19:02,1,1
63,10/12/24 10:09,1,0
63,10/12/24 19:01,1,1
63,10/13/24 9:58,1,0
63,10/13/24 19:01,1,1
63,10/14/24 9:47,1,0
63,10/14/24 19:02,1,1
63,10/15/24 10:03,1,0
63,10/15/24 19:00,1,1
63,10/15/24 19:00,1,1
63,10/16/24 10:13,1,0
63,10/16/24 19:00,1,1
63,10/17/24 9:54,1,0
63,10/17/24 19:01,1,1
63,10/17/24 19:01,1,1
63,10/19/24 9:55,1,0
63,10/19/24 19:03,1,1
63,10/19/24 19:03,1,1
63,10/21/24 10:12,1,0
63,10/21/24 19:03,1,1
63,10/21/24 19:03,1,1
64,10/22/24 9:56,1,0
65,10/1/24 6:00,1,1
65,10/1/24 6:00,1,1
65,10/1/24 6:00,1,1
65,10/1/24 17:57,1,0
65,10/1/24 17:57,1,0
65,10/1/24 17:57,1,0
65,10/1/24 17:57,1,0
65,10/2/24 17:56,1,0
65,10/2/24 17:56,1,0
65,10/2/24 17:56,1,0
65,10/3/24 3:01,1,1
65,10/3/24 3:01,1,1
65,10/3/24 3:01,1,1
65,10/3/24 17:54,1,0
65,10/3/24 17:54,1,0
65,10/3/24 17:54,1,0
65,10/3/24 17:54,1,0
65,10/4/24 6:00,1,1
65,10/4/24 6:00,1,1
65,10/4/24 6:00,1,1
65,10/5/24 17:32,1,0
65,10/5/24 17:32,1,0
65,10/5/24 17:32,1,0
65,10/6/24 6:06,1,1
65,10/6/24 6:06,1,1
65,10/6/24 6:06,1,1
65,10/7/24 17:54,1,0
65,10/7/24 17:54,1,0
65,10/7/24 17:54,1,0
65,10/8/24 17:52,1,0
65,10/8/24 17:53,1,0
65,10/8/24 17:53,1,0
65,10/9/24 6:03,1,1
65,10/9/24 6:03,1,1
65,10/9/24 6:03,1,1
65,10/9/24 17:24,1,0
65,10/9/24 17:24,1,0
65,10/10/24 17:55,1,0
65,10/10/24 17:55,1,0
65,10/10/24 17:55,1,0
65,10/11/24 6:35,1,1
65,10/11/24 6:35,1,1
65,10/11/24 6:35,1,1
65,10/11/24 6:36,1,1
65,10/11/24 17:54,1,0
65,10/11/24 17:54,1,0
65,10/11/24 17:54,1,0
65,10/11/24 17:54,1,0
65,10/12/24 3:00,1,1
65,10/12/24 3:00,1,1
65,10/12/24 3:00,1,1
65,10/13/24 18:04,1,1
65,10/13/24 18:04,1,1
65,10/13/24 18:04,1,1
65,10/15/24 17:54,1,0
65,10/15/24 17:54,1,0
65,10/15/24 17:54,1,0
65,10/16/24 0:01,1,1
65,10/16/24 0:01,1,1
65,10/16/24 0:01,1,1
65,10/16/24 18:00,1,0
65,10/16/24 18:00,1,0
65,10/16/24 18:00,1,0
65,10/17/24 17:58,1,0
65,10/17/24 17:58,1,0
65,10/17/24 17:58,1,0
65,10/18/24 17:56,1,0
65,10/18/24 17:56,1,0
65,10/18/24 17:56,1,0
65,10/19/24 6:01,1,1
65,10/19/24 6:01,1,1
65,10/19/24 6:01,1,1
65,10/20/24 5:56,1,0
65,10/20/24 5:56,1,0
65,10/20/24 5:56,1,0
65,10/20/24 18:04,1,1
65,10/20/24 18:05,1,1
65,10/20/24 18:05,1,1
65,10/20/24 18:05,1,1
65,10/21/24 17:55,1,0
65,10/21/24 17:55,1,0
65,10/21/24 17:55,1,0
73,10/1/24 7:00,1,0
73,10/1/24 7:00,1,0
73,10/1/24 7:00,1,0
73,10/1/24 18:00,1,1
73,10/1/24 18:00,1,1
73,10/1/24 18:00,1,1
73,10/1/24 18:00,1,1
73,10/2/24 6:52,1,0
73,10/2/24 6:52,1,0
73,10/2/24 6:52,1,0
73,10/3/24 6:52,1,0
73,10/3/24 6:52,1,0
73,10/3/24 6:52,1,0
73,10/3/24 18:15,1,1
73,10/3/24 18:15,1,1
73,10/3/24 18:15,1,1
73,10/4/24 8:58,1,0
73,10/4/24 8:58,1,0
73,10/4/24 8:58,1,0
73,10/4/24 18:10,1,1
73,10/4/24 18:10,1,1
73,10/4/24 18:10,1,1
73,10/5/24 7:59,1,0
73,10/5/24 7:59,1,0
73,10/5/24 7:59,1,0
73,10/5/24 18:23,1,1
73,10/5/24 18:23,1,1
73,10/5/24 18:23,1,1
73,10/9/24 12:51,1,0
73,10/9/24 12:51,1,0
73,10/9/24 12:51,1,0
73,10/9/24 18:02,1,1
73,10/9/24 18:02,1,1
73,10/9/24 18:02,1,1
73,10/11/24 7:57,1,0
73,10/11/24 7:57,1,0
73,10/11/24 7:57,1,0
73,10/11/24 19:01,1,1
73,10/11/24 19:01,1,1
73,10/11/24 19:01,1,1
73,10/11/24 19:01,1,1
73,10/12/24 7:52,1,0
73,10/12/24 7:52,1,0
73,10/12/24 7:52,1,0
73,10/12/24 19:04,1,1
73,10/12/24 19:04,1,1
73,10/12/24 19:04,1,1
73,10/13/24 7:36,1,0
73,10/13/24 7:36,1,0
73,10/13/24 7:36,1,0
73,10/13/24 20:01,1,1
73,10/13/24 20:01,1,1
73,10/13/24 20:01,1,1
73,10/14/24 7:44,1,0
73,10/14/24 7:44,1,0
73,10/14/24 7:44,1,0
73,10/14/24 17:05,1,1
73,10/14/24 17:05,1,1
73,10/14/24 17:05,1,1
73,10/15/24 7:36,1,0
73,10/15/24 7:36,1,0
73,10/15/24 7:36,1,0
73,10/15/24 17:18,1,1
73,10/15/24 17:18,1,1
73,10/15/24 17:18,1,1
73,10/16/24 8:15,1,0
73,10/16/24 8:15,1,0
73,10/16/24 8:16,1,0
73,10/16/24 17:00,1,1
73,10/16/24 17:00,1,1
73,10/16/24 17:00,1,1
73,10/17/24 13:00,1,0
73,10/17/24 13:00,1,0
73,10/17/24 13:00,1,0
73,10/18/24 7:56,1,0
73,10/18/24 7:56,1,0
73,10/18/24 7:56,1,0
73,10/18/24 17:15,1,1
73,10/18/24 17:15,1,1
73,10/18/24 17:15,1,1
73,10/19/24 7:05,1,0
73,10/19/24 7:05,1,0
73,10/19/24 7:05,1,0
73,10/22/24 7:57,1,0
73,10/22/24 7:57,1,0
73,10/22/24 7:57,1,0
76,10/1/24 6:50,1,0
76,10/1/24 6:51,1,0
76,10/2/24 6:57,1,0
76,10/2/24 6:57,1,0
76,10/3/24 6:54,1,0
76,10/3/24 6:55,1,0
78,10/1/24 8:48,1,0
78,10/1/24 8:48,1,0
78,10/1/24 18:08,1,1
78,10/2/24 8:38,1,0
78,10/2/24 18:03,1,1
78,10/3/24 7:59,1,0
78,10/3/24 18:03,1,1
78,10/4/24 8:02,1,0
78,10/4/24 18:32,1,1
78,10/4/24 18:32,1,1
78,10/5/24 8:13,1,0
78,10/7/24 8:01,1,0
78,10/7/24 18:09,1,1
78,10/8/24 7:59,1,0
78,10/8/24 18:18,1,1
78,10/9/24 8:00,1,0
78,10/9/24 18:04,1,1
78,10/10/24 8:02,1,0
78,10/10/24 18:08,1,1
78,10/11/24 8:15,1,0
78,10/11/24 18:11,1,0
78,10/14/24 7:59,1,0
78,10/14/24 7:59,1,0
78,10/14/24 18:39,1,1
78,10/15/24 7:55,1,0
78,10/15/24 7:55,1,0
78,10/15/24 17:47,1,1
78,10/16/24 7:56,1,0
78,10/16/24 18:09,1,1
78,10/17/24 7:56,1,0
78,10/17/24 17:47,1,0
78,10/21/24 7:58,1,0
78,10/21/24 18:22,1,1
78,10/22/24 7:58,1,0
8,10/1/24 8:04,1,0
8,10/1/24 8:04,1,0
8,10/1/24 18:30,1,1
8,10/1/24 18:30,1,1
8,10/2/24 8:02,1,0
8,10/2/24 8:02,1,0
8,10/2/24 18:02,1,1
8,10/2/24 18:03,1,1
8,10/3/24 8:01,1,0
8,10/3/24 8:01,1,0
8,10/3/24 8:01,1,0
8,10/3/24 18:26,1,1
8,10/3/24 18:26,1,1
8,10/4/24 8:02,1,0
8,10/4/24 8:02,1,0
8,10/4/24 18:39,1,1
8,10/4/24 18:39,1,1
8,10/5/24 9:04,1,0
8,10/5/24 9:04,1,0
8,10/5/24 18:09,1,1
8,10/5/24 18:09,1,1
8,10/7/24 8:02,1,0
8,10/7/24 8:02,1,0
8,10/7/24 18:09,1,1
8,10/7/24 18:09,1,1
8,10/8/24 8:01,1,0
8,10/8/24 8:01,1,0
8,10/9/24 8:00,1,0
8,10/9/24 8:00,1,0
8,10/9/24 18:03,1,1
8,10/9/24 18:03,1,1
8,10/10/24 18:08,1,1
8,10/10/24 18:08,1,1
8,10/11/24 8:02,1,0
8,10/11/24 8:02,1,0
8,10/11/24 17:02,1,1
8,10/11/24 17:02,1,1
8,10/12/24 8:04,1,0
8,10/12/24 8:04,1,0
8,10/14/24 8:03,1,0
8,10/14/24 8:03,1,0
8,10/14/24 8:03,1,0
8,10/14/24 18:08,1,1
8,10/14/24 18:08,1,1
8,10/15/24 8:02,1,0
8,10/15/24 8:02,1,0
8,10/15/24 18:22,1,1
8,10/16/24 8:02,1,0
8,10/16/24 8:02,1,0
8,10/16/24 18:03,1,1
8,10/16/24 18:03,1,1
8,10/19/24 8:00,1,0
8,10/19/24 8:00,1,0
8,10/19/24 17:00,1,1
8,10/19/24 17:00,1,1
8,10/21/24 8:03,1,0
8,10/21/24 8:03,1,0
8,10/21/24 18:10,1,1
8,10/21/24 18:10,1,1
8,10/22/24 8:02,1,0
8,10/22/24 8:02,1,0
80,10/15/24 17:36,1,0
80,10/15/24 17:36,1,0
80,10/16/24 6:01,1,1
80,10/16/24 6:01,1,1
80,10/16/24 17:37,1,0
80,10/16/24 17:37,1,0
80,10/16/24 17:37,1,0
80,10/17/24 6:01,1,1
80,10/17/24 6:01,1,1
80,10/17/24 6:01,1,1
80,10/17/24 17:36,1,0
80,10/17/24 17:36,1,0
80,10/17/24 17:36,1,0
80,10/18/24 6:18,1,1
80,10/18/24 6:18,1,1
80,10/18/24 6:18,1,1
80,10/18/24 17:39,1,0
80,10/18/24 17:39,1,0
80,10/18/24 17:39,1,0
80,10/19/24 6:01,1,1
80,10/19/24 6:01,1,1
80,10/19/24 6:01,1,1
80,10/20/24 17:28,1,0
80,10/20/24 17:28,1,0
80,10/20/24 17:28,1,0
80,10/21/24 6:01,1,1
80,10/21/24 6:01,1,1
80,10/21/24 6:01,1,1
80,10/21/24 17:35,1,0
80,10/21/24 17:35,1,0
80,10/21/24 17:35,1,0
80,10/22/24 6:01,1,1
80,10/22/24 6:01,1,1
80,10/22/24 6:01,1,1
82,10/1/24 8:00,1,0
82,10/1/24 8:00,1,0
82,10/1/24 19:08,1,1
82,10/1/24 19:08,1,1
82,10/2/24 7:58,1,0
82,10/2/24 7:58,1,0
82,10/2/24 18:33,1,1
82,10/2/24 18:33,1,1
82,10/3/24 8:06,1,0
82,10/3/24 8:06,1,0
82,10/3/24 18:30,1,1
82,10/3/24 18:30,1,1
82,10/4/24 8:00,1,0
82,10/4/24 8:00,1,0
82,10/4/24 19:08,1,1
82,10/4/24 19:08,1,1
82,10/5/24 7:57,1,0
82,10/5/24 7:57,1,0
82,10/5/24 17:24,1,1
82,10/5/24 17:24,1,1
82,10/7/24 8:19,1,0
82,10/7/24 8:19,1,0
82,10/7/24 18:09,1,1
82,10/7/24 18:09,1,1
82,10/7/24 18:09,1,1
82,10/8/24 8:06,1,0
82,10/8/24 8:06,1,0
82,10/8/24 18:57,1,1
82,10/8/24 18:57,1,1
82,10/8/24 18:57,1,1
82,10/9/24 8:02,1,0
82,10/9/24 8:02,1,0
82,10/9/24 18:03,1,1
82,10/9/24 18:03,1,1
82,10/10/24 7:59,1,0
82,10/10/24 7:59,1,0
82,10/10/24 18:30,1,1
82,10/10/24 18:30,1,1
82,10/11/24 10:04,1,0
82,10/11/24 10:04,1,0
82,10/11/24 10:04,1,0
82,10/11/24 19:02,1,1
82,10/11/24 19:02,1,1
82,10/14/24 7:57,1,0
82,10/14/24 7:57,1,0
82,10/14/24 19:03,1,1
82,10/14/24 19:03,1,1
82,10/15/24 8:04,1,0
82,10/15/24 8:04,1,0
82,10/15/24 18:45,1,1
82,10/15/24 18:45,1,1
82,10/16/24 8:02,1,0
82,10/16/24 8:02,1,0
82,10/16/24 18:07,1,1
82,10/16/24 18:07,1,1
82,10/17/24 8:04,1,0
82,10/17/24 8:04,1,0
82,10/17/24 18:07,1,1
82,10/17/24 18:07,1,1
82,10/19/24 9:03,1,0
82,10/19/24 9:03,1,0
82,10/19/24 19:01,1,1
82,10/19/24 19:01,1,1
82,10/19/24 19:01,1,1
82,10/21/24 9:03,1,0
82,10/21/24 9:03,1,0
82,10/21/24 19:02,1,1
82,10/21/24 19:02,1,1
82,10/22/24 8:04,1,0
82,10/22/24 8:04,1,0
89,10/1/24 8:03,1,0
89,10/1/24 8:03,1,0
89,10/1/24 8:03,1,0
89,10/1/24 8:03,1,0
89,10/2/24 7:39,1,0
89,10/2/24 7:39,1,0
89,10/2/24 7:39,1,0
89,10/2/24 18:02,1,1
89,10/2/24 18:02,1,1
89,10/2/24 18:02,1,1
89,10/2/24 18:02,1,1
89,10/2/24 18:02,1,1
89,10/2/24 18:02,1,1
89,10/2/24 18:02,1,1
89,10/3/24 7:48,1,0
89,10/3/24 7:48,1,0
89,10/3/24 7:48,1,0
89,10/3/24 18:27,1,1
89,10/3/24 18:27,1,1
89,10/3/24 18:27,1,1
89,10/4/24 7:59,1,0
89,10/4/24 7:59,1,0
89,10/4/24 7:59,1,0
89,10/4/24 18:41,1,1
89,10/5/24 7:01,1,0
89,10/5/24 7:01,1,0
89,10/5/24 7:01,1,0
89,10/5/24 18:01,1,1
89,10/5/24 18:01,1,1
89,10/5/24 18:01,1,1
89,10/7/24 7:05,1,0
89,10/7/24 7:05,1,0
89,10/7/24 7:05,1,0
89,10/7/24 7:05,1,0
89,10/7/24 18:06,1,1
89,10/7/24 18:06,1,1
89,10/8/24 7:27,1,0
89,10/8/24 7:27,1,0
89,10/8/24 18:36,1,1
89,10/8/24 18:36,1,1
89,10/9/24 7:27,1,0
89,10/9/24 7:27,1,0
89,10/9/24 7:27,1,0
89,10/10/24 6:54,1,0
89,10/10/24 6:54,1,0
89,10/10/24 6:54,1,0
89,10/10/24 19:35,1,1
89,10/10/24 19:35,1,1
89,10/11/24 7:21,1,0
89,10/11/24 7:21,1,0
89,10/11/24 7:21,1,0
89,10/11/24 7:21,1,0
89,10/11/24 19:00,1,1
89,10/11/24 19:00,1,1
89,10/11/24 19:00,1,1
89,10/12/24 7:56,1,0
89,10/12/24 7:56,1,0
89,10/12/24 7:56,1,0
89,10/14/24 7:22,1,0
89,10/14/24 7:22,1,0
89,10/14/24 17:36,1,1
89,10/14/24 17:36,1,1
89,10/14/24 17:36,1,1
9,10/1/24 12:05,1,0
9,10/1/24 22:03,1,1
9,10/3/24 12:13,1,0
9,10/3/24 22:08,1,1
9,10/4/24 12:07,1,0
9,10/4/24 17:13,1,1
9,10/6/24 12:09,1,0
9,10/6/24 19:33,1,1
9,10/7/24 12:14,1,1
9,10/7/24 12:14,1,0
9,10/7/24 17:24,1,1
9,10/8/24 12:49,1,0
9,10/8/24 17:26,1,1
9,10/9/24 9:52,1,0
9,10/9/24 9:53,1,0
9,10/9/24 9:53,1,0
9,10/11/24 12:21,1,0
9,10/11/24 19:24,1,1
9,10/12/24 13:00,1,0
9,10/12/24 17:04,1,1
9,10/15/24 17:30,1,1
9,10/16/24 12:10,1,0
9,10/16/24 12:10,1,0
9,10/16/24 22:01,1,1
9,10/17/24 11:58,1,0
9,10/17/24 22:05,1,1
9,10/18/24 12:05,1,0
9,10/18/24 17:03,1,1
9,10/21/24 12:08,1,0
9,10/21/24 22:00,1,1
90,10/1/24 7:58,1,0
90,10/1/24 7:58,1,0
90,10/1/24 7:58,1,0
90,10/1/24 19:06,1,1
90,10/1/24 19:06,1,1
90,10/1/24 19:06,1,1
90,10/2/24 7:58,1,0
90,10/2/24 7:58,1,0
90,10/2/24 7:58,1,0
90,10/2/24 21:02,1,1
90,10/2/24 21:02,1,1
90,10/2/24 21:02,1,1
90,10/3/24 7:57,1,0
90,10/3/24 7:57,1,0
90,10/3/24 7:58,1,0
90,10/3/24 19:15,1,1
90,10/3/24 19:15,1,1
90,10/3/24 19:15,1,1
90,10/4/24 7:57,1,0
90,10/4/24 7:57,1,0
90,10/4/24 7:57,1,0
90,10/4/24 19:09,1,1
90,10/4/24 19:09,1,1
90,10/5/24 7:57,1,0
90,10/5/24 7:57,1,0
90,10/5/24 7:57,1,0
90,10/5/24 19:03,1,1
90,10/5/24 19:03,1,1
90,10/5/24 19:03,1,1
90,10/6/24 7:59,1,0
90,10/6/24 7:59,1,0
90,10/6/24 7:59,1,0
90,10/6/24 7:59,1,0
90,10/6/24 17:01,1,1
90,10/6/24 17:01,1,1
90,10/6/24 17:01,1,1
90,10/7/24 7:57,1,0
90,10/7/24 7:57,1,0
90,10/7/24 7:57,1,0
90,10/7/24 19:06,1,1
90,10/7/24 19:06,1,1
90,10/7/24 19:07,1,1
90,10/8/24 7:56,1,0
90,10/8/24 7:57,1,0
90,10/8/24 7:57,1,0
90,10/8/24 17:02,1,1
90,10/8/24 17:02,1,1
90,10/8/24 17:02,1,1
90,10/8/24 17:02,1,1
90,10/9/24 7:54,1,0
90,10/9/24 7:54,1,0
90,10/9/24 7:54,1,0
90,10/9/24 7:54,1,0
90,10/9/24 17:39,1,1
90,10/9/24 17:39,1,1
90,10/10/24 7:56,1,0
90,10/10/24 7:56,1,0
90,10/10/24 7:56,1,0
90,10/10/24 7:56,1,0
90,10/10/24 18:00,1,1
90,10/10/24 18:00,1,1
90,10/10/24 18:00,1,1
90,10/11/24 7:55,1,0
90,10/11/24 7:55,1,0
90,10/11/24 7:55,1,0
90,10/11/24 17:00,1,1
90,10/11/24 17:00,1,1
90,10/11/24 17:00,1,1
90,10/12/24 8:00,1,0
90,10/12/24 8:00,1,0
90,10/12/24 8:00,1,0
90,10/12/24 18:15,1,0
90,10/12/24 18:15,1,1
90,10/12/24 18:15,1,1
90,10/13/24 7:56,1,0
90,10/13/24 7:56,1,0
90,10/13/24 7:56,1,0
90,10/13/24 12:00,1,1
90,10/13/24 12:00,1,1
90,10/13/24 12:00,1,1
90,10/14/24 7:29,1,0
90,10/14/24 7:29,1,0
90,10/14/24 7:29,1,0
90,10/14/24 17:29,1,1
90,10/14/24 17:29,1,1
90,10/14/24 17:29,1,1
90,10/15/24 7:56,1,0
90,10/15/24 7:56,1,0
90,10/15/24 7:56,1,0
90,10/15/24 18:19,1,1
90,10/15/24 18:19,1,1
90,10/15/24 18:20,1,1
90,10/16/24 7:59,1,0
90,10/16/24 7:59,1,0
90,10/16/24 7:59,1,0
90,10/16/24 7:59,1,0
90,10/16/24 18:46,1,1
90,10/16/24 18:46,1,1
90,10/16/24 18:46,1,1
90,10/17/24 7:57,1,0
90,10/17/24 7:57,1,0
90,10/17/24 7:57,1,0
90,10/17/24 17:03,1,1
90,10/17/24 17:03,1,1
90,10/17/24 17:03,1,1
90,10/18/24 7:57,1,0
90,10/18/24 7:57,1,0
90,10/18/24 7:57,1,0
90,10/18/24 17:01,1,1
90,10/18/24 17:01,1,1
90,10/18/24 17:01,1,1
90,10/19/24 9:45,1,0
90,10/19/24 9:45,1,0
90,10/19/24 9:46,1,0
90,10/19/24 18:12,1,1
90,10/19/24 18:12,1,1
90,10/19/24 18:12,1,1
90,10/21/24 7:59,1,0
90,10/21/24 7:59,1,0
90,10/21/24 7:59,1,0
90,10/21/24 18:34,1,1
90,10/21/24 18:34,1,1
90,10/21/24 18:34,1,1
90,10/22/24 8:56,1,0
90,10/22/24 8:56,1,0
90,10/22/24 8:56,1,0
92,10/2/24 9:52,1,0
92,10/2/24 9:53,1,0
92,10/2/24 16:19,1,1
92,10/2/24 16:19,1,1
92,10/3/24 7:57,1,0
92,10/3/24 7:57,1,0
92,10/3/24 17:05,1,1
92,10/3/24 17:05,1,1
92,10/4/24 7:51,1,0
92,10/4/24 7:51,1,0
92,10/4/24 7:51,1,0
92,10/4/24 17:02,1,1
92,10/4/24 17:02,1,1
92,10/5/24 9:50,1,0
92,10/5/24 9:50,1,0
92,10/5/24 9:51,1,0
92,10/5/24 19:02,1,1
92,10/5/24 19:02,1,1
92,10/5/24 19:02,1,1
92,10/7/24 7:58,1,0
92,10/7/24 7:58,1,0
92,10/7/24 7:58,1,0
92,10/7/24 17:09,1,1
92,10/7/24 17:09,1,1
92,10/8/24 12:39,1,0
92,10/8/24 12:39,1,0
92,10/8/24 17:00,1,1
92,10/8/24 17:00,1,1
92,10/9/24 7:48,1,0
92,10/9/24 7:48,1,0
92,10/9/24 7:48,1,0
92,10/9/24 7:48,1,0
92,10/9/24 17:20,1,1
92,10/9/24 17:20,1,1
92,10/9/24 17:20,1,1
92,10/10/24 8:00,1,0
92,10/10/24 8:00,1,0
92,10/10/24 8:00,1,0
92,10/10/24 17:22,1,1
92,10/10/24 17:22,1,1
92,10/11/24 7:53,1,0
92,10/11/24 7:53,1,0
92,10/11/24 17:00,1,1
92,10/11/24 17:00,1,1
92,10/11/24 17:00,1,1
92,10/12/24 12:58,1,0
92,10/12/24 12:58,1,0
92,10/12/24 17:06,1,1
92,10/12/24 17:06,1,1
92,10/14/24 8:01,1,0
92,10/14/24 8:01,1,0
92,10/14/24 8:01,1,0
92,10/14/24 17:08,1,1
92,10/14/24 17:08,1,1
92,10/15/24 7:51,1,0
92,10/15/24 7:51,1,0
92,10/15/24 15:11,1,1
92,10/15/24 15:11,1,1
94,10/9/24 8:13,1,0
94,10/9/24 8:13,1,0
94,10/9/24 8:13,1,0
94,10/9/24 18:01,1,1
94,10/9/24 18:01,1,1
94,10/11/24 8:59,1,0
94,10/11/24 8:59,1,0
94,10/11/24 8:59,1,0
94,10/11/24 17:41,1,1
94,10/11/24 17:41,1,1
94,10/11/24 17:41,1,1
94,10/12/24 17:20,1,1
94,10/12/24 17:20,1,1
94,10/13/24 8:07,1,0
94,10/13/24 8:07,1,0
94,10/13/24 8:07,1,0
94,10/13/24 17:48,1,1
94,10/13/24 17:48,1,1
94,10/15/24 9:00,1,0
94,10/15/24 9:00,1,0
94,10/15/24 17:38,1,1
94,10/15/24 17:38,1,1
94,10/16/24 8:31,1,0
94,10/16/24 8:31,1,0
94,10/16/24 15:02,1,1
94,10/16/24 15:02,1,1
94,10/16/24 15:02,1,1
94,10/19/24 8:51,1,0
94,10/19/24 8:51,1,0
94,10/19/24 18:02,1,1
94,10/19/24 18:02,1,1
94,10/19/24 18:02,1,1
94,10/22/24 8:54,1,0
94,10/22/24 8:54,1,0